codigo,nombre,nivel,padre,grupo,naturaleza,estado_financiero,epigrafe,tipo_analitico,bidireccional,is_contra,pymes,epigrafe_pymes,cashflow_bucket
1,Financiación básica,1,,1,ACREEDORA,,,,0,0,1,,FINANCIACION
10,Capital,2,1,1,ACREEDORA,BALANCE_PN,A) Patrimonio neto / A-1) Fondos propios / I. Capital,,0,0,1,A) Patrimonio neto / A-1) Fondos propios / I. Capital,FINANCIACION
100,Capital social,3,10,1,ACREEDORA,BALANCE_PN,A) Patrimonio neto / A-1) Fondos propios / I. Capital / 1. Capital escriturado,,0,0,1,A) Patrimonio neto / A-1) Fondos propios / I. Capital / 1. Capital escriturado,FINANCIACION
101,Fondo social,3,10,1,ACREEDORA,BALANCE_PN,A) Patrimonio neto / A-1) Fondos propios / I. Capital / 1. Capital escriturado,,0,0,1,A) Patrimonio neto / A-1) Fondos propios / I. Capital / 1. Capital escriturado,FINANCIACION
102,Capital,3,10,1,ACREEDORA,BALANCE_PN,A) Patrimonio neto / A-1) Fondos propios / I. Capital / 1. Capital escriturado,,0,0,1,A) Patrimonio neto / A-1) Fondos propios / I. Capital / 1. Capital escriturado,FINANCIACION
103,Socios por desembolsos no exigidos,3,10,1,DEUDORA,BALANCE_PN,A) Patrimonio neto / A-1) Fondos propios / I. Capital / 2. (Capital no exigido),,0,1,1,A) Patrimonio neto / A-1) Fondos propios / I. Capital / 2. (Capital no exigido),FINANCIACION
1030,"Socios por desembolsos no exigidos, capital social",4,103,1,DEUDORA,BALANCE_PN,A) Patrimonio neto / A-1) Fondos propios / I. Capital / 2. (Capital no exigido),,0,1,1,A) Patrimonio neto / A-1) Fondos propios / I. Capital / 2. (Capital no exigido),FINANCIACION
1034,"Socios por desembolsos no exigidos, capital pendiente de inscripción",4,103,1,DEUDORA,BALANCE_PN,A) Patrimonio neto / A-1) Fondos propios / I. Capital / 2. (Capital no exigido),,0,1,1,A) Patrimonio neto / A-1) Fondos propios / I. Capital / 2. (Capital no exigido),FINANCIACION
104,Socios por aportaciones no dinerarias pendientes,3,10,1,DEUDORA,BALANCE_PN,A) Patrimonio neto / A-1) Fondos propios / I. Capital / 2. (Capital no exigido),,0,1,1,A) Patrimonio neto / A-1) Fondos propios / I. Capital / 2. (Capital no exigido),FINANCIACION
1040,"Socios por aportaciones no dinerarias pendientes, capital social",4,104,1,DEUDORA,BALANCE_PN,A) Patrimonio neto / A-1) Fondos propios / I. Capital / 2. (Capital no exigido),,0,1,1,A) Patrimonio neto / A-1) Fondos propios / I. Capital / 2. (Capital no exigido),FINANCIACION
1044,"Socios por aportaciones no dinerarias pendientes, capital pendiente de inscripción",4,104,1,DEUDORA,BALANCE_PN,A) Patrimonio neto / A-1) Fondos propios / I. Capital / 2. (Capital no exigido),,0,1,1,A) Patrimonio neto / A-1) Fondos propios / I. Capital / 2. (Capital no exigido),FINANCIACION
108,Acciones o participaciones propias en situaciones especiales,3,10,1,DEUDORA,BALANCE_PN,A) Patrimonio neto / A-1) Fondos propios / IV. (Acciones y participaciones en patrimonio propias),,0,1,1,A) Patrimonio neto / A-1) Fondos propios / IV. (Acciones y participaciones en patrimonio propias),FINANCIACION
109,Acciones o participaciones propias para reducción de capital,3,10,1,DEUDORA,BALANCE_PN,A) Patrimonio neto / A-1) Fondos propios / IV. (Acciones y participaciones en patrimonio propias),,0,1,1,A) Patrimonio neto / A-1) Fondos propios / IV. (Acciones y participaciones en patrimonio propias),FINANCIACION
11,Reservas y otros instrumentos de patrimonio,2,1,1,ACREEDORA,BALANCE_PN,A) Patrimonio neto / A-1) Fondos propios,,0,0,1,A) Patrimonio neto / A-1) Fondos propios,FINANCIACION
110,Prima de emisión o asunción,3,11,1,ACREEDORA,BALANCE_PN,A) Patrimonio neto / A-1) Fondos propios / II. Prima de emisión,,0,0,1,A) Patrimonio neto / A-1) Fondos propios / II. Prima de emisión,FINANCIACION
111,Otros instrumentos de patrimonio neto,3,11,1,ACREEDORA,BALANCE_PN,A) Patrimonio neto / A-1) Fondos propios / IX. Otros instrumentos de patrimonio neto,,0,0,1,A) Patrimonio neto / A-1) Fondos propios / IX. Otros instrumentos de patrimonio neto,FINANCIACION
1110,Patrimonio neto por emisión de instrumentos financieros compuestos,4,111,1,ACREEDORA,BALANCE_PN,A) Patrimonio neto / A-1) Fondos propios / IX. Otros instrumentos de patrimonio neto,,0,0,0,,FINANCIACION
1111,Resto de instrumentos de patrimonio neto,4,111,1,ACREEDORA,BALANCE_PN,A) Patrimonio neto / A-1) Fondos propios / IX. Otros instrumentos de patrimonio neto,,0,0,1,A) Patrimonio neto / A-1) Fondos propios / IX. Otros instrumentos de patrimonio neto,FINANCIACION
112,Reserva legal,3,11,1,ACREEDORA,BALANCE_PN,A) Patrimonio neto / A-1) Fondos propios / III. Reservas / 1. Legal y estatutarias,,0,0,1,A) Patrimonio neto / A-1) Fondos propios / III. Reservas / 1. Legal y estatutarias,FINANCIACION
113,Reservas voluntarias,3,11,1,ACREEDORA,BALANCE_PN,A) Patrimonio neto / A-1) Fondos propios / III. Reservas / 2. Otras reservas,,0,0,1,A) Patrimonio neto / A-1) Fondos propios / III. Reservas / 2. Otras reservas,FINANCIACION
114,Reservas especiales,3,11,1,ACREEDORA,BALANCE_PN,A) Patrimonio neto / A-1) Fondos propios / III. Reservas / 2. Otras reservas,,0,0,1,A) Patrimonio neto / A-1) Fondos propios / III. Reservas / 2. Otras reservas,FINANCIACION
1140,Reservas para acciones o participaciones de la sociedad dominante,4,114,1,ACREEDORA,BALANCE_PN,A) Patrimonio neto / A-1) Fondos propios / III. Reservas / 2. Otras reservas,,0,0,1,A) Patrimonio neto / A-1) Fondos propios / III. Reservas / 2. Otras reservas,FINANCIACION
1141,Reservas estatutarias,4,114,1,ACREEDORA,BALANCE_PN,A) Patrimonio neto / A-1) Fondos propios / III. Reservas / 1. Legal y estatutarias,,0,0,1,A) Patrimonio neto / A-1) Fondos propios / III. Reservas / 1. Legal y estatutarias,FINANCIACION
1142,Reserva por capital amortizado,4,114,1,ACREEDORA,BALANCE_PN,A) Patrimonio neto / A-1) Fondos propios / III. Reservas / 2. Otras reservas,,0,0,1,A) Patrimonio neto / A-1) Fondos propios / III. Reservas / 2. Otras reservas,FINANCIACION
1143,Reserva por fondo de comercio,4,114,1,ACREEDORA,BALANCE_PN,A) Patrimonio neto / A-1) Fondos propios / III. Reservas / 2. Otras reservas,,0,0,1,A) Patrimonio neto / A-1) Fondos propios / III. Reservas / 2. Otras reservas,FINANCIACION
1144,Reservas por acciones propias aceptadas en garantía,4,114,1,ACREEDORA,BALANCE_PN,A) Patrimonio neto / A-1) Fondos propios / III. Reservas / 2. Otras reservas,,0,0,1,A) Patrimonio neto / A-1) Fondos propios / III. Reservas / 2. Otras reservas,FINANCIACION
115,Reservas por pérdidas y ganancias actuariales y otros ajustes,3,11,1,ACREEDORA,BALANCE_PN,A) Patrimonio neto / A-1) Fondos propios / III. Reservas / 2. Otras reservas,,0,0,1,A) Patrimonio neto / A-1) Fondos propios / III. Reservas / 2. Otras reservas,FINANCIACION
118,Aportaciones de socios o propietarios,3,11,1,ACREEDORA,BALANCE_PN,A) Patrimonio neto / A-1) Fondos propios / VI. Otras aportaciones de socios,,0,0,1,A) Patrimonio neto / A-1) Fondos propios / VI. Otras aportaciones de socios,FINANCIACION
119,Diferencias por ajuste del capital a euros,3,11,1,ACREEDORA,BALANCE_PN,A) Patrimonio neto / A-1) Fondos propios / III. Reservas / 2. Otras reservas,,0,0,1,A) Patrimonio neto / A-1) Fondos propios / III. Reservas / 2. Otras reservas,FINANCIACION
12,Resultados pendientes de aplicación,2,1,1,ACREEDORA,BALANCE_PN,A) Patrimonio neto / A-1) Fondos propios / V. Resultados de ejercicios anteriores,,0,0,1,A) Patrimonio neto / A-1) Fondos propios / V. Resultados de ejercicios anteriores,FINANCIACION
120,Remanente,3,12,1,ACREEDORA,BALANCE_PN,A) Patrimonio neto / A-1) Fondos propios / V. Resultados de ejercicios anteriores / 1. Remanente,,0,0,1,A) Patrimonio neto / A-1) Fondos propios / V. Resultados de ejercicios anteriores / 1. Remanente,FINANCIACION
121,Resultados negativos de ejercicios anteriores,3,12,1,DEUDORA,BALANCE_PN,A) Patrimonio neto / A-1) Fondos propios / V. Resultados de ejercicios anteriores / 2. (Resultados negativos de ejercicios anteriores),,0,1,1,A) Patrimonio neto / A-1) Fondos propios / V. Resultados de ejercicios anteriores / 2. (Resultados negativos de ejercicios anteriores),FINANCIACION
129,Resultado del ejercicio,3,12,1,ACREEDORA,BALANCE_PN,A) Patrimonio neto / A-1) Fondos propios / VII. Resultado del ejercicio,,0,0,1,A) Patrimonio neto / A-1) Fondos propios / VII. Resultado del ejercicio,FINANCIACION
13,"Subvenciones, donaciones y ajustes por cambios de valor",2,1,1,ACREEDORA,BALANCE_PN,A) Patrimonio neto,,0,0,1,A) Patrimonio neto,FINANCIACION
130,Subvenciones oficiales de capital,3,13,1,ACREEDORA,BALANCE_PN,"A) Patrimonio neto / A-3) Subvenciones, donaciones y legados recibidos",,0,0,1,"A) Patrimonio neto / A-2) Subvenciones, donaciones y legados recibidos",FINANCIACION
131,Donaciones y legados de capital,3,13,1,ACREEDORA,BALANCE_PN,"A) Patrimonio neto / A-3) Subvenciones, donaciones y legados recibidos",,0,0,1,"A) Patrimonio neto / A-2) Subvenciones, donaciones y legados recibidos",FINANCIACION
132,"Otras subvenciones, donaciones y legados",3,13,1,ACREEDORA,BALANCE_PN,"A) Patrimonio neto / A-3) Subvenciones, donaciones y legados recibidos",,0,0,1,"A) Patrimonio neto / A-2) Subvenciones, donaciones y legados recibidos",FINANCIACION
133,Ajustes por valoración en activos financieros a valor razonable con cambios en el patrimonio neto,3,13,1,ACREEDORA,BALANCE_PN,A) Patrimonio neto / A-2) Ajustes por cambios de valor / I. Activos financieros a valor razonable con cambios en el patrimonio neto,,0,0,0,,FINANCIACION
134,Operaciones de cobertura,3,13,1,ACREEDORA,BALANCE_PN,A) Patrimonio neto / A-2) Ajustes por cambios de valor / II. Operaciones de cobertura,,0,0,0,,FINANCIACION
1340,Cobertura de flujos de efectivo,4,134,1,ACREEDORA,BALANCE_PN,A) Patrimonio neto / A-2) Ajustes por cambios de valor / II. Operaciones de cobertura,,0,0,0,,FINANCIACION
1341,Cobertura de una inversión neta en un negocio en el extranjero,4,134,1,ACREEDORA,BALANCE_PN,A) Patrimonio neto / A-2) Ajustes por cambios de valor / V. Otros,,0,0,0,,FINANCIACION
135,Diferencias de conversión,3,13,1,ACREEDORA,BALANCE_PN,A) Patrimonio neto / A-2) Ajustes por cambios de valor / IV. Diferencia de conversión,,0,0,0,,FINANCIACION
136,"Ajustes por valoración en activos no corrientes y grupos enajenables de elementos, mantenidos para la venta",3,13,1,ACREEDORA,BALANCE_PN,"A) Patrimonio neto / A-2) Ajustes por cambios de valor / III. Activos no corrientes y pasivos vinculados, mantenidos para la venta",,0,0,0,,FINANCIACION
137,Ingresos fiscales a distribuir en varios ejercicios,3,13,1,ACREEDORA,BALANCE_PN,"A) Patrimonio neto / A-3) Subvenciones, donaciones y legados recibidos",,0,0,0,,FINANCIACION
1370,Ingresos fiscales por diferencias permanentes a distribuir en varios ejercicios,4,137,1,ACREEDORA,BALANCE_PN,"A) Patrimonio neto / A-3) Subvenciones, donaciones y legados recibidos",,0,0,0,,FINANCIACION
1371,Ingresos fiscales por deducciones y bonificaciones a distribuir en varios ejercicios,4,137,1,ACREEDORA,BALANCE_PN,"A) Patrimonio neto / A-3) Subvenciones, donaciones y legados recibidos",,0,0,0,,FINANCIACION
14,Provisiones,2,1,1,ACREEDORA,BALANCE_PASIVO,B) Pasivo no corriente / I. Provisiones a largo plazo,,0,0,1,B) Pasivo no corriente / I. Provisiones a largo plazo,FINANCIACION
140,Provisión por retribuciones a largo plazo al personal,3,14,1,ACREEDORA,BALANCE_PASIVO,B) Pasivo no corriente / I. Provisiones a largo plazo / 1. Obligaciones por prestaciones a largo plazo al personal,,0,0,0,,FINANCIACION
141,Provisión para impuestos,3,14,1,ACREEDORA,BALANCE_PASIVO,B) Pasivo no corriente / I. Provisiones a largo plazo / 4. Otras provisiones,,0,0,1,B) Pasivo no corriente / I. Provisiones a largo plazo / 4. Otras provisiones,FINANCIACION
142,Provisión para otras responsabilidades,3,14,1,ACREEDORA,BALANCE_PASIVO,B) Pasivo no corriente / I. Provisiones a largo plazo / 4. Otras provisiones,,0,0,1,B) Pasivo no corriente / I. Provisiones a largo plazo / 4. Otras provisiones,FINANCIACION
143,"Provisión por desmantelamiento, retiro o rehabilitación del inmovilizado",3,14,1,ACREEDORA,BALANCE_PASIVO,B) Pasivo no corriente / I. Provisiones a largo plazo / 4. Otras provisiones,,0,0,1,B) Pasivo no corriente / I. Provisiones a largo plazo / 4. Otras provisiones,FINANCIACION
145,Provisión para actuaciones medioambientales,3,14,1,ACREEDORA,BALANCE_PASIVO,B) Pasivo no corriente / I. Provisiones a largo plazo / 2. Actuaciones medioambientales,,0,0,1,B) Pasivo no corriente / I. Provisiones a largo plazo / 2. Actuaciones medioambientales,FINANCIACION
146,Provisión para reestructuraciones,3,14,1,ACREEDORA,BALANCE_PASIVO,B) Pasivo no corriente / I. Provisiones a largo plazo / 3. Provisiones por reestructuración,,0,0,1,B) Pasivo no corriente / I. Provisiones a largo plazo / 3. Provisiones por reestructuración,FINANCIACION
147,Provisión por transacciones con pagos basados en instrumentos de patrimonio,3,14,1,ACREEDORA,BALANCE_PASIVO,B) Pasivo no corriente / I. Provisiones a largo plazo / 4. Otras provisiones,,0,0,0,,FINANCIACION
15,Deudas a largo plazo con características especiales,2,1,1,ACREEDORA,BALANCE_PASIVO,B) Pasivo no corriente / VII. Deuda con características especiales a largo plazo,,0,0,1,B) Pasivo no corriente / VII. Deuda con características especiales a largo plazo,FINANCIACION
150,Acciones o participaciones a largo plazo consideradas como pasivos financieros,3,15,1,ACREEDORA,BALANCE_PASIVO,B) Pasivo no corriente / VII. Deuda con características especiales a largo plazo,,0,0,1,B) Pasivo no corriente / VII. Deuda con características especiales a largo plazo,FINANCIACION
153,Desembolsos no exigidos por acciones o participaciones consideradas como pasivos financieros,3,15,1,DEUDORA,BALANCE_PASIVO,B) Pasivo no corriente / VII. Deuda con características especiales a largo plazo,,0,1,1,B) Pasivo no corriente / VII. Deuda con características especiales a largo plazo,FINANCIACION
1533,"Desembolsos no exigidos, empresas del grupo",4,153,1,DEUDORA,BALANCE_PASIVO,B) Pasivo no corriente / VII. Deuda con características especiales a largo plazo,,0,1,1,B) Pasivo no corriente / VII. Deuda con características especiales a largo plazo,FINANCIACION
1534,"Desembolsos no exigidos, empresas asociadas",4,153,1,DEUDORA,BALANCE_PASIVO,B) Pasivo no corriente / VII. Deuda con características especiales a largo plazo,,0,1,1,B) Pasivo no corriente / VII. Deuda con características especiales a largo plazo,FINANCIACION
1535,"Desembolsos no exigidos, otras partes vinculadas",4,153,1,DEUDORA,BALANCE_PASIVO,B) Pasivo no corriente / VII. Deuda con características especiales a largo plazo,,0,1,1,B) Pasivo no corriente / VII. Deuda con características especiales a largo plazo,FINANCIACION
1536,Otros desembolsos no exigidos,4,153,1,DEUDORA,BALANCE_PASIVO,B) Pasivo no corriente / VII. Deuda con características especiales a largo plazo,,0,1,1,B) Pasivo no corriente / VII. Deuda con características especiales a largo plazo,FINANCIACION
154,Aportaciones no dinerarias pendientes por acciones o participaciones consideradas como pasivos financieros,3,15,1,DEUDORA,BALANCE_PASIVO,B) Pasivo no corriente / VII. Deuda con características especiales a largo plazo,,0,1,1,B) Pasivo no corriente / VII. Deuda con características especiales a largo plazo,FINANCIACION
1543,"Aportaciones no dinerarias pendientes, empresas del grupo",4,154,1,DEUDORA,BALANCE_PASIVO,B) Pasivo no corriente / VII. Deuda con características especiales a largo plazo,,0,1,1,B) Pasivo no corriente / VII. Deuda con características especiales a largo plazo,FINANCIACION
1544,"Aportaciones no dinerarias pendientes, empresas asociadas",4,154,1,DEUDORA,BALANCE_PASIVO,B) Pasivo no corriente / VII. Deuda con características especiales a largo plazo,,0,1,1,B) Pasivo no corriente / VII. Deuda con características especiales a largo plazo,FINANCIACION
1545,"Aportaciones no dinerarias pendientes, otras partes vinculadas",4,154,1,DEUDORA,BALANCE_PASIVO,B) Pasivo no corriente / VII. Deuda con características especiales a largo plazo,,0,1,1,B) Pasivo no corriente / VII. Deuda con características especiales a largo plazo,FINANCIACION
1546,Otras aportaciones no dinerarias pendientes,4,154,1,DEUDORA,BALANCE_PASIVO,B) Pasivo no corriente / VII. Deuda con características especiales a largo plazo,,0,1,1,B) Pasivo no corriente / VII. Deuda con características especiales a largo plazo,FINANCIACION
16,Deudas a largo plazo con partes vinculadas,2,1,1,ACREEDORA,BALANCE_PASIVO,B) Pasivo no corriente / III. Deudas con empresas del grupo y asociadas a largo plazo,,0,0,1,B) Pasivo no corriente / III. Deudas con empresas del grupo y asociadas a largo plazo,FINANCIACION
160,Deudas a largo plazo con entidades de crédito vinculadas,3,16,1,ACREEDORA,BALANCE_PASIVO,B) Pasivo no corriente / III. Deudas con empresas del grupo y asociadas a largo plazo,,0,0,1,B) Pasivo no corriente / III. Deudas con empresas del grupo y asociadas a largo plazo,FINANCIACION
1603,"Deudas a largo plazo con entidades de crédito, empresas del grupo",4,160,1,ACREEDORA,BALANCE_PASIVO,B) Pasivo no corriente / III. Deudas con empresas del grupo y asociadas a largo plazo,,0,0,1,B) Pasivo no corriente / III. Deudas con empresas del grupo y asociadas a largo plazo,FINANCIACION
1604,"Deudas a largo plazo con entidades de crédito, empresas asociadas",4,160,1,ACREEDORA,BALANCE_PASIVO,B) Pasivo no corriente / III. Deudas con empresas del grupo y asociadas a largo plazo,,0,0,1,B) Pasivo no corriente / III. Deudas con empresas del grupo y asociadas a largo plazo,FINANCIACION
1605,Deudas a largo plazo con otras entidades de crédito vinculadas,4,160,1,ACREEDORA,BALANCE_PASIVO,B) Pasivo no corriente / II. Deudas a largo plazo / 2. Deudas con entidades de crédito,,0,0,1,B) Pasivo no corriente / II. Deudas a largo plazo / 2. Deudas con entidades de crédito,FINANCIACION
161,"Proveedores de inmovilizado a largo plazo, partes vinculadas",3,16,1,ACREEDORA,BALANCE_PASIVO,B) Pasivo no corriente / III. Deudas con empresas del grupo y asociadas a largo plazo,,0,0,1,B) Pasivo no corriente / III. Deudas con empresas del grupo y asociadas a largo plazo,FINANCIACION
1613,"Proveedores de inmovilizado a largo plazo, empresas del grupo",4,161,1,ACREEDORA,BALANCE_PASIVO,B) Pasivo no corriente / III. Deudas con empresas del grupo y asociadas a largo plazo,,0,0,1,B) Pasivo no corriente / III. Deudas con empresas del grupo y asociadas a largo plazo,FINANCIACION
1614,"Proveedores de inmovilizado a largo plazo, empresas asociadas",4,161,1,ACREEDORA,BALANCE_PASIVO,B) Pasivo no corriente / III. Deudas con empresas del grupo y asociadas a largo plazo,,0,0,1,B) Pasivo no corriente / III. Deudas con empresas del grupo y asociadas a largo plazo,FINANCIACION
1615,"Proveedores de inmovilizado a largo plazo, otras partes vinculadas",4,161,1,ACREEDORA,BALANCE_PASIVO,B) Pasivo no corriente / II. Deudas a largo plazo / 5. Otros pasivos financieros,,0,0,1,B) Pasivo no corriente / II. Deudas a largo plazo / 5. Otros pasivos financieros,FINANCIACION
162,"Acreedores por arrendamiento financiero a largo plazo, partes vinculadas",3,16,1,ACREEDORA,BALANCE_PASIVO,B) Pasivo no corriente / III. Deudas con empresas del grupo y asociadas a largo plazo,,0,0,1,B) Pasivo no corriente / III. Deudas con empresas del grupo y asociadas a largo plazo,FINANCIACION
1623,"Acreedores por arrendamiento financiero a largo plazo, empresas del grupo",4,162,1,ACREEDORA,BALANCE_PASIVO,B) Pasivo no corriente / III. Deudas con empresas del grupo y asociadas a largo plazo,,0,0,1,B) Pasivo no corriente / III. Deudas con empresas del grupo y asociadas a largo plazo,FINANCIACION
1624,"Acreedores por arrendamiento financiero a largo plazo, empresas asociadas",4,162,1,ACREEDORA,BALANCE_PASIVO,B) Pasivo no corriente / III. Deudas con empresas del grupo y asociadas a largo plazo,,0,0,1,B) Pasivo no corriente / III. Deudas con empresas del grupo y asociadas a largo plazo,FINANCIACION
1625,"Acreedores por arrendamiento financiero a largo plazo, otras partes vinculadas",4,162,1,ACREEDORA,BALANCE_PASIVO,B) Pasivo no corriente / II. Deudas a largo plazo / 3. Acreedores por arrendamiento financiero,,0,0,1,B) Pasivo no corriente / II. Deudas a largo plazo / 3. Acreedores por arrendamiento financiero,FINANCIACION
163,Otras deudas a largo plazo con partes vinculadas,3,16,1,ACREEDORA,BALANCE_PASIVO,B) Pasivo no corriente / III. Deudas con empresas del grupo y asociadas a largo plazo,,0,0,1,B) Pasivo no corriente / III. Deudas con empresas del grupo y asociadas a largo plazo,FINANCIACION
1633,"Otras deudas a largo plazo, empresas del grupo",4,163,1,ACREEDORA,BALANCE_PASIVO,B) Pasivo no corriente / III. Deudas con empresas del grupo y asociadas a largo plazo,,0,0,1,B) Pasivo no corriente / III. Deudas con empresas del grupo y asociadas a largo plazo,FINANCIACION
1634,"Otras deudas a largo plazo, empresas asociadas",4,163,1,ACREEDORA,BALANCE_PASIVO,B) Pasivo no corriente / III. Deudas con empresas del grupo y asociadas a largo plazo,,0,0,1,B) Pasivo no corriente / III. Deudas con empresas del grupo y asociadas a largo plazo,FINANCIACION
1635,"Otras deudas a largo plazo, con otras partes vinculadas",4,163,1,ACREEDORA,BALANCE_PASIVO,B) Pasivo no corriente / II. Deudas a largo plazo / 5. Otros pasivos financieros,,0,0,1,B) Pasivo no corriente / II. Deudas a largo plazo / 5. Otros pasivos financieros,FINANCIACION
17,"Deudas a largo plazo por préstamos recibidos, empréstitos y otros conceptos",2,1,1,ACREEDORA,BALANCE_PASIVO,B) Pasivo no corriente / II. Deudas a largo plazo,,0,0,1,B) Pasivo no corriente / II. Deudas a largo plazo,FINANCIACION
170,Deudas a largo plazo con entidades de crédito,3,17,1,ACREEDORA,BALANCE_PASIVO,B) Pasivo no corriente / II. Deudas a largo plazo / 2. Deudas con entidades de crédito,,0,0,1,B) Pasivo no corriente / II. Deudas a largo plazo / 2. Deudas con entidades de crédito,FINANCIACION
171,Deudas a largo plazo,3,17,1,ACREEDORA,BALANCE_PASIVO,B) Pasivo no corriente / II. Deudas a largo plazo / 5. Otros pasivos financieros,,0,0,1,B) Pasivo no corriente / II. Deudas a largo plazo / 5. Otros pasivos financieros,FINANCIACION
172,"Deudas a largo plazo transformables en subvenciones, donaciones y legados",3,17,1,ACREEDORA,BALANCE_PASIVO,B) Pasivo no corriente / II. Deudas a largo plazo / 5. Otros pasivos financieros,,0,0,1,B) Pasivo no corriente / II. Deudas a largo plazo / 5. Otros pasivos financieros,FINANCIACION
173,Proveedores de inmovilizado a largo plazo,3,17,1,ACREEDORA,BALANCE_PASIVO,B) Pasivo no corriente / II. Deudas a largo plazo / 5. Otros pasivos financieros,,0,0,1,B) Pasivo no corriente / II. Deudas a largo plazo / 5. Otros pasivos financieros,FINANCIACION
174,Acreedores por arrendamiento financiero a largo plazo,3,17,1,ACREEDORA,BALANCE_PASIVO,B) Pasivo no corriente / II. Deudas a largo plazo / 3. Acreedores por arrendamiento financiero,,0,0,1,B) Pasivo no corriente / II. Deudas a largo plazo / 3. Acreedores por arrendamiento financiero,FINANCIACION
175,Efectos a pagar a largo plazo,3,17,1,ACREEDORA,BALANCE_PASIVO,B) Pasivo no corriente / II. Deudas a largo plazo / 5. Otros pasivos financieros,,0,0,1,B) Pasivo no corriente / II. Deudas a largo plazo / 5. Otros pasivos financieros,FINANCIACION
176,Pasivos por derivados financieros a largo plazo,3,17,1,ACREEDORA,BALANCE_PASIVO,B) Pasivo no corriente / II. Deudas a largo plazo / 4. Derivados,,0,0,0,,FINANCIACION
1765,"Pasivos por derivados financieros a largo plazo, cartera de negociación",4,176,1,ACREEDORA,BALANCE_PASIVO,B) Pasivo no corriente / II. Deudas a largo plazo / 4. Derivados,,0,0,0,,FINANCIACION
1768,"Pasivos por derivados financieros a largo plazo, instrumentos de cobertura",4,176,1,ACREEDORA,BALANCE_PASIVO,B) Pasivo no corriente / II. Deudas a largo plazo / 4. Derivados,,0,0,0,,FINANCIACION
177,Obligaciones y bonos,3,17,1,ACREEDORA,BALANCE_PASIVO,B) Pasivo no corriente / II. Deudas a largo plazo / 1. Obligaciones y otros valores negociables,,0,0,1,B) Pasivo no corriente / II. Deudas a largo plazo / 1. Obligaciones y otros valores negociables,FINANCIACION
178,Obligaciones y bonos convertibles,3,17,1,ACREEDORA,BALANCE_PASIVO,B) Pasivo no corriente / II. Deudas a largo plazo / 1. Obligaciones y otros valores negociables,,0,0,0,,FINANCIACION
179,Deudas representadas en otros valores negociables,3,17,1,ACREEDORA,BALANCE_PASIVO,B) Pasivo no corriente / II. Deudas a largo plazo / 1. Obligaciones y otros valores negociables,,0,0,1,B) Pasivo no corriente / II. Deudas a largo plazo / 1. Obligaciones y otros valores negociables,FINANCIACION
18,"Pasivos por fianzas, garantías y otros conceptos a largo plazo",2,1,1,ACREEDORA,BALANCE_PASIVO,B) Pasivo no corriente / II. Deudas a largo plazo / 5. Otros pasivos financieros,,0,0,1,B) Pasivo no corriente / II. Deudas a largo plazo / 5. Otros pasivos financieros,FINANCIACION
180,Fianzas recibidas a largo plazo,3,18,1,ACREEDORA,BALANCE_PASIVO,B) Pasivo no corriente / II. Deudas a largo plazo / 5. Otros pasivos financieros,,0,0,1,B) Pasivo no corriente / II. Deudas a largo plazo / 5. Otros pasivos financieros,FINANCIACION
181,Anticipos recibidos por ventas o prestaciones de servicios a largo plazo,3,18,1,ACREEDORA,BALANCE_PASIVO,B) Pasivo no corriente / V. Periodificaciones a largo plazo,,0,0,1,B) Pasivo no corriente / V. Periodificaciones a largo plazo,FINANCIACION
185,Depósitos recibidos a largo plazo,3,18,1,ACREEDORA,BALANCE_PASIVO,B) Pasivo no corriente / II. Deudas a largo plazo / 5. Otros pasivos financieros,,0,0,1,B) Pasivo no corriente / II. Deudas a largo plazo / 5. Otros pasivos financieros,FINANCIACION
189,Garantías financieras a largo plazo,3,18,1,ACREEDORA,BALANCE_PASIVO,B) Pasivo no corriente / II. Deudas a largo plazo / 5. Otros pasivos financieros,,0,0,1,B) Pasivo no corriente / II. Deudas a largo plazo / 5. Otros pasivos financieros,FINANCIACION
19,Situaciones transitorias de financiación,2,1,1,ACREEDORA,,,,0,0,1,,FINANCIACION
190,Acciones o participaciones emitidas,3,19,1,DEUDORA,BALANCE_PN,A) Patrimonio neto / A-1) Fondos propios / I. Capital / 1. Capital escriturado,,0,1,1,A) Patrimonio neto / A-1) Fondos propios / I. Capital / 1. Capital escriturado,FINANCIACION
192,Suscriptores de acciones,3,19,1,DEUDORA,BALANCE_PN,A) Patrimonio neto / A-1) Fondos propios / I. Capital / 2. (Capital no exigido),,0,1,1,A) Patrimonio neto / A-1) Fondos propios / I. Capital / 2. (Capital no exigido),FINANCIACION
194,Capital emitido pendiente de inscripción,3,19,1,ACREEDORA,BALANCE_PN,A) Patrimonio neto / A-1) Fondos propios / I. Capital / 1. Capital escriturado,,0,0,1,A) Patrimonio neto / A-1) Fondos propios / I. Capital / 1. Capital escriturado,FINANCIACION
195,Acciones o participaciones emitidas consideradas como pasivos financieros,3,19,1,DEUDORA,BALANCE_PASIVO,C) Pasivo corriente / VII. Deuda con características especiales a corto plazo,,0,1,1,C) Pasivo corriente / VI. Deuda con características especiales a corto plazo,FINANCIACION
197,Suscriptores de acciones consideradas como pasivos financieros,3,19,1,DEUDORA,BALANCE_PASIVO,C) Pasivo corriente / VII. Deuda con características especiales a corto plazo,,0,1,1,C) Pasivo corriente / VI. Deuda con características especiales a corto plazo,FINANCIACION
199,Acciones o participaciones emitidas consideradas como pasivos financieros pendientes de inscripción,3,19,1,ACREEDORA,BALANCE_PASIVO,C) Pasivo corriente / VII. Deuda con características especiales a corto plazo,,0,0,1,C) Pasivo corriente / VI. Deuda con características especiales a corto plazo,FINANCIACION
2,Activo no corriente,1,,2,DEUDORA,BALANCE_ACTIVO,A) Activo no corriente,,0,0,1,A) Activo no corriente,INVERSION
20,Inmovilizaciones intangibles,2,2,2,DEUDORA,BALANCE_ACTIVO,A) Activo no corriente / I. Inmovilizado intangible,,0,0,1,A) Activo no corriente / I. Inmovilizado intangible,INVERSION
200,Investigación,3,20,2,DEUDORA,BALANCE_ACTIVO,A) Activo no corriente / I. Inmovilizado intangible / 6. Investigación,,0,0,1,A) Activo no corriente / I. Inmovilizado intangible / 6. Investigación,INVERSION
201,Desarrollo,3,20,2,DEUDORA,BALANCE_ACTIVO,A) Activo no corriente / I. Inmovilizado intangible / 1. Desarrollo,,0,0,1,A) Activo no corriente / I. Inmovilizado intangible / 1. Desarrollo,INVERSION
202,Concesiones administrativas,3,20,2,DEUDORA,BALANCE_ACTIVO,A) Activo no corriente / I. Inmovilizado intangible / 2. Concesiones,,0,0,1,A) Activo no corriente / I. Inmovilizado intangible / 2. Concesiones,INVERSION
203,Propiedad industrial,3,20,2,DEUDORA,BALANCE_ACTIVO,"A) Activo no corriente / I. Inmovilizado intangible / 3. Patentes, licencias, marcas y similares",,0,0,1,"A) Activo no corriente / I. Inmovilizado intangible / 3. Patentes, licencias, marcas y similares",INVERSION
204,Fondo de comercio,3,20,2,DEUDORA,BALANCE_ACTIVO,A) Activo no corriente / I. Inmovilizado intangible / 4. Fondo de comercio,,0,0,0,,INVERSION
205,Derechos de traspaso,3,20,2,DEUDORA,BALANCE_ACTIVO,A) Activo no corriente / I. Inmovilizado intangible / 7. Otro inmovilizado intangible,,0,0,1,A) Activo no corriente / I. Inmovilizado intangible / 7. Otro inmovilizado intangible,INVERSION
206,Aplicaciones informáticas,3,20,2,DEUDORA,BALANCE_ACTIVO,A) Activo no corriente / I. Inmovilizado intangible / 5. Aplicaciones informáticas,,0,0,1,A) Activo no corriente / I. Inmovilizado intangible / 5. Aplicaciones informáticas,INVERSION
209,Anticipos para inmovilizaciones intangibles,3,20,2,DEUDORA,BALANCE_ACTIVO,A) Activo no corriente / I. Inmovilizado intangible / 7. Otro inmovilizado intangible,,0,0,1,A) Activo no corriente / I. Inmovilizado intangible / 7. Otro inmovilizado intangible,INVERSION
21,Inmovilizaciones materiales,2,2,2,DEUDORA,BALANCE_ACTIVO,A) Activo no corriente / II. Inmovilizado material,,0,0,1,A) Activo no corriente / II. Inmovilizado material,INVERSION
210,Terrenos y bienes naturales,3,21,2,DEUDORA,BALANCE_ACTIVO,A) Activo no corriente / II. Inmovilizado material / 1. Terrenos y construcciones,,0,0,1,A) Activo no corriente / II. Inmovilizado material / 1. Terrenos y construcciones,INVERSION
211,Construcciones,3,21,2,DEUDORA,BALANCE_ACTIVO,A) Activo no corriente / II. Inmovilizado material / 1. Terrenos y construcciones,,0,0,1,A) Activo no corriente / II. Inmovilizado material / 1. Terrenos y construcciones,INVERSION
212,Instalaciones técnicas,3,21,2,DEUDORA,BALANCE_ACTIVO,A) Activo no corriente / II. Inmovilizado material / 2. Instalaciones técnicas y otro inmovilizado material,,0,0,1,A) Activo no corriente / II. Inmovilizado material / 2. Instalaciones técnicas y otro inmovilizado material,INVERSION
213,Maquinaria,3,21,2,DEUDORA,BALANCE_ACTIVO,A) Activo no corriente / II. Inmovilizado material / 2. Instalaciones técnicas y otro inmovilizado material,,0,0,1,A) Activo no corriente / II. Inmovilizado material / 2. Instalaciones técnicas y otro inmovilizado material,INVERSION
214,Utillaje,3,21,2,DEUDORA,BALANCE_ACTIVO,A) Activo no corriente / II. Inmovilizado material / 2. Instalaciones técnicas y otro inmovilizado material,,0,0,1,A) Activo no corriente / II. Inmovilizado material / 2. Instalaciones técnicas y otro inmovilizado material,INVERSION
215,Otras instalaciones,3,21,2,DEUDORA,BALANCE_ACTIVO,A) Activo no corriente / II. Inmovilizado material / 2. Instalaciones técnicas y otro inmovilizado material,,0,0,1,A) Activo no corriente / II. Inmovilizado material / 2. Instalaciones técnicas y otro inmovilizado material,INVERSION
216,Mobiliario,3,21,2,DEUDORA,BALANCE_ACTIVO,A) Activo no corriente / II. Inmovilizado material / 2. Instalaciones técnicas y otro inmovilizado material,,0,0,1,A) Activo no corriente / II. Inmovilizado material / 2. Instalaciones técnicas y otro inmovilizado material,INVERSION
217,Equipos para procesos de información,3,21,2,DEUDORA,BALANCE_ACTIVO,A) Activo no corriente / II. Inmovilizado material / 2. Instalaciones técnicas y otro inmovilizado material,,0,0,1,A) Activo no corriente / II. Inmovilizado material / 2. Instalaciones técnicas y otro inmovilizado material,INVERSION
218,Elementos de transporte,3,21,2,DEUDORA,BALANCE_ACTIVO,A) Activo no corriente / II. Inmovilizado material / 2. Instalaciones técnicas y otro inmovilizado material,,0,0,1,A) Activo no corriente / II. Inmovilizado material / 2. Instalaciones técnicas y otro inmovilizado material,INVERSION
219,Otro inmovilizado material,3,21,2,DEUDORA,BALANCE_ACTIVO,A) Activo no corriente / II. Inmovilizado material / 2. Instalaciones técnicas y otro inmovilizado material,,0,0,1,A) Activo no corriente / II. Inmovilizado material / 2. Instalaciones técnicas y otro inmovilizado material,INVERSION
22,Inversiones inmobiliarias,2,2,2,DEUDORA,BALANCE_ACTIVO,A) Activo no corriente / III. Inversiones inmobiliarias,,0,0,1,A) Activo no corriente / III. Inversiones inmobiliarias,INVERSION
220,Inversiones en terrenos y bienes naturales,3,22,2,DEUDORA,BALANCE_ACTIVO,A) Activo no corriente / III. Inversiones inmobiliarias / 1. Terrenos,,0,0,1,A) Activo no corriente / III. Inversiones inmobiliarias / 1. Terrenos,INVERSION
221,Inversiones en construcciones,3,22,2,DEUDORA,BALANCE_ACTIVO,A) Activo no corriente / III. Inversiones inmobiliarias / 2. Construcciones,,0,0,1,A) Activo no corriente / III. Inversiones inmobiliarias / 2. Construcciones,INVERSION
23,Inmovilizaciones materiales en curso,2,2,2,DEUDORA,BALANCE_ACTIVO,A) Activo no corriente / II. Inmovilizado material / 3. Inmovilizado en curso y anticipos,,0,0,1,A) Activo no corriente / II. Inmovilizado material / 3. Inmovilizado en curso y anticipos,INVERSION
230,Adaptación de terrenos y bienes naturales,3,23,2,DEUDORA,BALANCE_ACTIVO,A) Activo no corriente / II. Inmovilizado material / 3. Inmovilizado en curso y anticipos,,0,0,1,A) Activo no corriente / II. Inmovilizado material / 3. Inmovilizado en curso y anticipos,INVERSION
231,Construcciones en curso,3,23,2,DEUDORA,BALANCE_ACTIVO,A) Activo no corriente / II. Inmovilizado material / 3. Inmovilizado en curso y anticipos,,0,0,1,A) Activo no corriente / II. Inmovilizado material / 3. Inmovilizado en curso y anticipos,INVERSION
232,Instalaciones técnicas en montaje,3,23,2,DEUDORA,BALANCE_ACTIVO,A) Activo no corriente / II. Inmovilizado material / 3. Inmovilizado en curso y anticipos,,0,0,1,A) Activo no corriente / II. Inmovilizado material / 3. Inmovilizado en curso y anticipos,INVERSION
233,Maquinaria en montaje,3,23,2,DEUDORA,BALANCE_ACTIVO,A) Activo no corriente / II. Inmovilizado material / 3. Inmovilizado en curso y anticipos,,0,0,1,A) Activo no corriente / II. Inmovilizado material / 3. Inmovilizado en curso y anticipos,INVERSION
237,Equipos para procesos de información en montaje,3,23,2,DEUDORA,BALANCE_ACTIVO,A) Activo no corriente / II. Inmovilizado material / 3. Inmovilizado en curso y anticipos,,0,0,1,A) Activo no corriente / II. Inmovilizado material / 3. Inmovilizado en curso y anticipos,INVERSION
239,Anticipos para inmovilizaciones materiales,3,23,2,DEUDORA,BALANCE_ACTIVO,A) Activo no corriente / II. Inmovilizado material / 3. Inmovilizado en curso y anticipos,,0,0,1,A) Activo no corriente / II. Inmovilizado material / 3. Inmovilizado en curso y anticipos,INVERSION
24,Inversiones financieras a largo plazo en partes vinculadas,2,2,2,DEUDORA,BALANCE_ACTIVO,A) Activo no corriente / IV. Inversiones en empresas del grupo y asociadas a largo plazo,,0,0,1,A) Activo no corriente / IV. Inversiones en empresas del grupo y asociadas a largo plazo,INVERSION
240,Participaciones a largo plazo en partes vinculadas,3,24,2,DEUDORA,BALANCE_ACTIVO,A) Activo no corriente / IV. Inversiones en empresas del grupo y asociadas a largo plazo / 1. Instrumentos de patrimonio,,0,0,1,A) Activo no corriente / IV. Inversiones en empresas del grupo y asociadas a largo plazo / 1. Instrumentos de patrimonio,INVERSION
2403,Participaciones a largo plazo en empresas del grupo,4,240,2,DEUDORA,BALANCE_ACTIVO,A) Activo no corriente / IV. Inversiones en empresas del grupo y asociadas a largo plazo / 1. Instrumentos de patrimonio,,0,0,1,A) Activo no corriente / IV. Inversiones en empresas del grupo y asociadas a largo plazo / 1. Instrumentos de patrimonio,INVERSION
2404,Participaciones a largo plazo en empresas asociadas,4,240,2,DEUDORA,BALANCE_ACTIVO,A) Activo no corriente / IV. Inversiones en empresas del grupo y asociadas a largo plazo / 1. Instrumentos de patrimonio,,0,0,1,A) Activo no corriente / IV. Inversiones en empresas del grupo y asociadas a largo plazo / 1. Instrumentos de patrimonio,INVERSION
2405,Participaciones a largo plazo en otras partes vinculadas,4,240,2,DEUDORA,BALANCE_ACTIVO,A) Activo no corriente / V. Inversiones financieras a largo plazo / 1. Instrumentos de patrimonio,,0,0,1,A) Activo no corriente / V. Inversiones financieras a largo plazo / 1. Instrumentos de patrimonio,INVERSION
241,Valores representativos de deuda a largo plazo de partes vinculadas,3,24,2,DEUDORA,BALANCE_ACTIVO,A) Activo no corriente / IV. Inversiones en empresas del grupo y asociadas a largo plazo / 3. Valores representativos de deuda,,0,0,1,A) Activo no corriente / IV. Inversiones en empresas del grupo y asociadas a largo plazo / 3. Valores representativos de deuda,INVERSION
2413,Valores representativos de deuda a largo plazo de empresas del grupo,4,241,2,DEUDORA,BALANCE_ACTIVO,A) Activo no corriente / IV. Inversiones en empresas del grupo y asociadas a largo plazo / 3. Valores representativos de deuda,,0,0,1,A) Activo no corriente / IV. Inversiones en empresas del grupo y asociadas a largo plazo / 3. Valores representativos de deuda,INVERSION
2414,Valores representativos de deuda a largo plazo de empresas asociadas,4,241,2,DEUDORA,BALANCE_ACTIVO,A) Activo no corriente / IV. Inversiones en empresas del grupo y asociadas a largo plazo / 3. Valores representativos de deuda,,0,0,1,A) Activo no corriente / IV. Inversiones en empresas del grupo y asociadas a largo plazo / 3. Valores representativos de deuda,INVERSION
2415,Valores representativos de deuda a largo plazo de otras partes vinculadas,4,241,2,DEUDORA,BALANCE_ACTIVO,A) Activo no corriente / V. Inversiones financieras a largo plazo / 3. Valores representativos de deuda,,0,0,1,A) Activo no corriente / V. Inversiones financieras a largo plazo / 3. Valores representativos de deuda,INVERSION
242,Créditos a largo plazo a partes vinculadas,3,24,2,DEUDORA,BALANCE_ACTIVO,A) Activo no corriente / IV. Inversiones en empresas del grupo y asociadas a largo plazo / 2. Créditos a empresas,,0,0,1,A) Activo no corriente / IV. Inversiones en empresas del grupo y asociadas a largo plazo / 2. Créditos a empresas,INVERSION
2423,Créditos a largo plazo a empresas del grupo,4,242,2,DEUDORA,BALANCE_ACTIVO,A) Activo no corriente / IV. Inversiones en empresas del grupo y asociadas a largo plazo / 2. Créditos a empresas,,0,0,1,A) Activo no corriente / IV. Inversiones en empresas del grupo y asociadas a largo plazo / 2. Créditos a empresas,INVERSION
2424,Créditos a largo plazo a empresas asociadas,4,242,2,DEUDORA,BALANCE_ACTIVO,A) Activo no corriente / IV. Inversiones en empresas del grupo y asociadas a largo plazo / 2. Créditos a empresas,,0,0,1,A) Activo no corriente / IV. Inversiones en empresas del grupo y asociadas a largo plazo / 2. Créditos a empresas,INVERSION
2425,Créditos a largo plazo a otras partes vinculadas,4,242,2,DEUDORA,BALANCE_ACTIVO,A) Activo no corriente / V. Inversiones financieras a largo plazo / 2. Créditos a terceros,,0,0,1,A) Activo no corriente / V. Inversiones financieras a largo plazo / 2. Créditos a terceros,INVERSION
249,Desembolsos pendientes sobre participaciones a largo plazo en partes vinculadas,3,24,2,ACREEDORA,BALANCE_ACTIVO,A) Activo no corriente / IV. Inversiones en empresas del grupo y asociadas a largo plazo / 1. Instrumentos de patrimonio,,0,1,1,A) Activo no corriente / IV. Inversiones en empresas del grupo y asociadas a largo plazo / 1. Instrumentos de patrimonio,INVERSION
2493,Desembolsos pendientes sobre participaciones a largo plazo en empresas del grupo,4,249,2,ACREEDORA,BALANCE_ACTIVO,A) Activo no corriente / IV. Inversiones en empresas del grupo y asociadas a largo plazo / 1. Instrumentos de patrimonio,,0,1,1,A) Activo no corriente / IV. Inversiones en empresas del grupo y asociadas a largo plazo / 1. Instrumentos de patrimonio,INVERSION
2494,Desembolsos pendientes sobre participaciones a largo plazo en empresas asociadas,4,249,2,ACREEDORA,BALANCE_ACTIVO,A) Activo no corriente / IV. Inversiones en empresas del grupo y asociadas a largo plazo / 1. Instrumentos de patrimonio,,0,1,1,A) Activo no corriente / IV. Inversiones en empresas del grupo y asociadas a largo plazo / 1. Instrumentos de patrimonio,INVERSION
2495,Desembolsos pendientes sobre participaciones a largo plazo en otras partes vinculadas,4,249,2,ACREEDORA,BALANCE_ACTIVO,A) Activo no corriente / V. Inversiones financieras a largo plazo / 1. Instrumentos de patrimonio,,0,1,1,A) Activo no corriente / V. Inversiones financieras a largo plazo / 1. Instrumentos de patrimonio,INVERSION
25,Otras inversiones financieras a largo plazo,2,2,2,DEUDORA,BALANCE_ACTIVO,A) Activo no corriente / V. Inversiones financieras a largo plazo,,0,0,1,A) Activo no corriente / V. Inversiones financieras a largo plazo,INVERSION
250,Inversiones financieras a largo plazo en instrumentos de patrimonio,3,25,2,DEUDORA,BALANCE_ACTIVO,A) Activo no corriente / V. Inversiones financieras a largo plazo / 1. Instrumentos de patrimonio,,0,0,1,A) Activo no corriente / V. Inversiones financieras a largo plazo / 1. Instrumentos de patrimonio,INVERSION
251,Valores representativos de deuda a largo plazo,3,25,2,DEUDORA,BALANCE_ACTIVO,A) Activo no corriente / V. Inversiones financieras a largo plazo / 3. Valores representativos de deuda,,0,0,1,A) Activo no corriente / V. Inversiones financieras a largo plazo / 3. Valores representativos de deuda,INVERSION
252,Créditos a largo plazo,3,25,2,DEUDORA,BALANCE_ACTIVO,A) Activo no corriente / V. Inversiones financieras a largo plazo / 2. Créditos a terceros,,0,0,1,A) Activo no corriente / V. Inversiones financieras a largo plazo / 2. Créditos a terceros,INVERSION
253,Créditos a largo plazo por enajenación de inmovilizado,3,25,2,DEUDORA,BALANCE_ACTIVO,A) Activo no corriente / V. Inversiones financieras a largo plazo / 2. Créditos a terceros,,0,0,1,A) Activo no corriente / V. Inversiones financieras a largo plazo / 2. Créditos a terceros,INVERSION
254,Créditos a largo plazo al personal,3,25,2,DEUDORA,BALANCE_ACTIVO,A) Activo no corriente / V. Inversiones financieras a largo plazo / 2. Créditos a terceros,,0,0,1,A) Activo no corriente / V. Inversiones financieras a largo plazo / 2. Créditos a terceros,INVERSION
255,Activos por derivados financieros a largo plazo,3,25,2,DEUDORA,BALANCE_ACTIVO,A) Activo no corriente / V. Inversiones financieras a largo plazo / 4. Derivados,,0,0,0,,INVERSION
2550,"Activos por derivados financieros a largo plazo, cartera de negociación",4,255,2,DEUDORA,BALANCE_ACTIVO,A) Activo no corriente / V. Inversiones financieras a largo plazo / 4. Derivados,,0,0,0,,INVERSION
2553,"Activos por derivados financieros a largo plazo, instrumentos de cobertura",4,255,2,DEUDORA,BALANCE_ACTIVO,A) Activo no corriente / V. Inversiones financieras a largo plazo / 4. Derivados,,0,0,0,,INVERSION
257,Derechos de reembolso derivados de contratos de seguro relativos a retribuciones a largo plazo al personal,3,25,2,DEUDORA,BALANCE_ACTIVO,A) Activo no corriente / V. Inversiones financieras a largo plazo / 5. Otros activos financieros,,0,0,1,A) Activo no corriente / V. Inversiones financieras a largo plazo / 5. Otros activos financieros,INVERSION
258,Imposiciones a largo plazo,3,25,2,DEUDORA,BALANCE_ACTIVO,A) Activo no corriente / V. Inversiones financieras a largo plazo / 5. Otros activos financieros,,0,0,1,A) Activo no corriente / V. Inversiones financieras a largo plazo / 5. Otros activos financieros,INVERSION
259,Desembolsos pendientes sobre participaciones en el patrimonio neto a largo plazo,3,25,2,ACREEDORA,BALANCE_ACTIVO,A) Activo no corriente / V. Inversiones financieras a largo plazo / 1. Instrumentos de patrimonio,,0,1,1,A) Activo no corriente / V. Inversiones financieras a largo plazo / 1. Instrumentos de patrimonio,INVERSION
26,Fianzas y depósitos constituidos a largo plazo,2,2,2,DEUDORA,BALANCE_ACTIVO,A) Activo no corriente / V. Inversiones financieras a largo plazo / 5. Otros activos financieros,,0,0,1,A) Activo no corriente / V. Inversiones financieras a largo plazo / 5. Otros activos financieros,INVERSION
260,Fianzas constituidas a largo plazo,3,26,2,DEUDORA,BALANCE_ACTIVO,A) Activo no corriente / V. Inversiones financieras a largo plazo / 5. Otros activos financieros,,0,0,1,A) Activo no corriente / V. Inversiones financieras a largo plazo / 5. Otros activos financieros,INVERSION
265,Depósitos constituidos a largo plazo,3,26,2,DEUDORA,BALANCE_ACTIVO,A) Activo no corriente / V. Inversiones financieras a largo plazo / 5. Otros activos financieros,,0,0,1,A) Activo no corriente / V. Inversiones financieras a largo plazo / 5. Otros activos financieros,INVERSION
28,Amortización acumulada del inmovilizado,2,2,2,ACREEDORA,BALANCE_ACTIVO,A) Activo no corriente,,0,1,1,A) Activo no corriente,INVERSION
280,Amortización acumulada del inmovilizado intangible,3,28,2,ACREEDORA,BALANCE_ACTIVO,A) Activo no corriente / I. Inmovilizado intangible,,0,1,1,A) Activo no corriente / I. Inmovilizado intangible,INVERSION
2800,Amortización acumulada de investigación,4,280,2,ACREEDORA,BALANCE_ACTIVO,A) Activo no corriente / I. Inmovilizado intangible / 6. Investigación,,0,1,1,A) Activo no corriente / I. Inmovilizado intangible / 6. Investigación,INVERSION
2801,Amortización acumulada de desarrollo,4,280,2,ACREEDORA,BALANCE_ACTIVO,A) Activo no corriente / I. Inmovilizado intangible / 1. Desarrollo,,0,1,1,A) Activo no corriente / I. Inmovilizado intangible / 1. Desarrollo,INVERSION
2802,Amortización acumulada de concesiones administrativas,4,280,2,ACREEDORA,BALANCE_ACTIVO,A) Activo no corriente / I. Inmovilizado intangible / 2. Concesiones,,0,1,1,A) Activo no corriente / I. Inmovilizado intangible / 2. Concesiones,INVERSION
2803,Amortización acumulada de propiedad industrial,4,280,2,ACREEDORA,BALANCE_ACTIVO,"A) Activo no corriente / I. Inmovilizado intangible / 3. Patentes, licencias, marcas y similares",,0,1,1,"A) Activo no corriente / I. Inmovilizado intangible / 3. Patentes, licencias, marcas y similares",INVERSION
2804,Amortización acumulada de fondo de comercio,4,280,2,ACREEDORA,BALANCE_ACTIVO,A) Activo no corriente / I. Inmovilizado intangible / 4. Fondo de comercio,,0,1,1,A) Activo no corriente / I. Inmovilizado intangible / 4. Fondo de comercio,INVERSION
2805,Amortización acumulada de derechos de traspaso,4,280,2,ACREEDORA,BALANCE_ACTIVO,A) Activo no corriente / I. Inmovilizado intangible / 7. Otro inmovilizado intangible,,0,1,1,A) Activo no corriente / I. Inmovilizado intangible / 7. Otro inmovilizado intangible,INVERSION
2806,Amortización acumulada de aplicaciones informáticas,4,280,2,ACREEDORA,BALANCE_ACTIVO,A) Activo no corriente / I. Inmovilizado intangible / 5. Aplicaciones informáticas,,0,1,1,A) Activo no corriente / I. Inmovilizado intangible / 5. Aplicaciones informáticas,INVERSION
281,Amortización acumulada del inmovilizado material,3,28,2,ACREEDORA,BALANCE_ACTIVO,A) Activo no corriente / II. Inmovilizado material,,0,1,1,A) Activo no corriente / II. Inmovilizado material,INVERSION
2811,Amortización acumulada de construcciones,4,281,2,ACREEDORA,BALANCE_ACTIVO,A) Activo no corriente / II. Inmovilizado material / 1. Terrenos y construcciones,,0,1,1,A) Activo no corriente / II. Inmovilizado material / 1. Terrenos y construcciones,INVERSION
2812,Amortización acumulada de instalaciones técnicas,4,281,2,ACREEDORA,BALANCE_ACTIVO,A) Activo no corriente / II. Inmovilizado material / 2. Instalaciones técnicas y otro inmovilizado material,,0,1,1,A) Activo no corriente / II. Inmovilizado material / 2. Instalaciones técnicas y otro inmovilizado material,INVERSION
2813,Amortización acumulada de maquinaria,4,281,2,ACREEDORA,BALANCE_ACTIVO,A) Activo no corriente / II. Inmovilizado material / 2. Instalaciones técnicas y otro inmovilizado material,,0,1,1,A) Activo no corriente / II. Inmovilizado material / 2. Instalaciones técnicas y otro inmovilizado material,INVERSION
2814,Amortización acumulada de utillaje,4,281,2,ACREEDORA,BALANCE_ACTIVO,A) Activo no corriente / II. Inmovilizado material / 2. Instalaciones técnicas y otro inmovilizado material,,0,1,1,A) Activo no corriente / II. Inmovilizado material / 2. Instalaciones técnicas y otro inmovilizado material,INVERSION
2815,Amortización acumulada de otras instalaciones,4,281,2,ACREEDORA,BALANCE_ACTIVO,A) Activo no corriente / II. Inmovilizado material / 2. Instalaciones técnicas y otro inmovilizado material,,0,1,1,A) Activo no corriente / II. Inmovilizado material / 2. Instalaciones técnicas y otro inmovilizado material,INVERSION
2816,Amortización acumulada de mobiliario,4,281,2,ACREEDORA,BALANCE_ACTIVO,A) Activo no corriente / II. Inmovilizado material / 2. Instalaciones técnicas y otro inmovilizado material,,0,1,1,A) Activo no corriente / II. Inmovilizado material / 2. Instalaciones técnicas y otro inmovilizado material,INVERSION
2817,Amortización acumulada de equipos para procesos de información,4,281,2,ACREEDORA,BALANCE_ACTIVO,A) Activo no corriente / II. Inmovilizado material / 2. Instalaciones técnicas y otro inmovilizado material,,0,1,1,A) Activo no corriente / II. Inmovilizado material / 2. Instalaciones técnicas y otro inmovilizado material,INVERSION
2818,Amortización acumulada de elementos de transporte,4,281,2,ACREEDORA,BALANCE_ACTIVO,A) Activo no corriente / II. Inmovilizado material / 2. Instalaciones técnicas y otro inmovilizado material,,0,1,1,A) Activo no corriente / II. Inmovilizado material / 2. Instalaciones técnicas y otro inmovilizado material,INVERSION
2819,Amortización acumulada de otro inmovilizado material,4,281,2,ACREEDORA,BALANCE_ACTIVO,A) Activo no corriente / II. Inmovilizado material / 2. Instalaciones técnicas y otro inmovilizado material,,0,1,1,A) Activo no corriente / II. Inmovilizado material / 2. Instalaciones técnicas y otro inmovilizado material,INVERSION
282,Amortización acumulada de las inversiones inmobiliarias,3,28,2,ACREEDORA,BALANCE_ACTIVO,A) Activo no corriente / III. Inversiones inmobiliarias / 2. Construcciones,,0,1,1,A) Activo no corriente / III. Inversiones inmobiliarias / 2. Construcciones,INVERSION
29,Deterioro de valor de activos no corrientes,2,2,2,ACREEDORA,BALANCE_ACTIVO,A) Activo no corriente,,0,1,1,A) Activo no corriente,INVERSION
290,Deterioro de valor del inmovilizado intangible,3,29,2,ACREEDORA,BALANCE_ACTIVO,A) Activo no corriente / I. Inmovilizado intangible,,0,1,1,A) Activo no corriente / I. Inmovilizado intangible,INVERSION
2900,Deterioro de valor de investigación,4,290,2,ACREEDORA,BALANCE_ACTIVO,A) Activo no corriente / I. Inmovilizado intangible / 6. Investigación,,0,1,1,A) Activo no corriente / I. Inmovilizado intangible / 6. Investigación,INVERSION
2901,Deterioro de valor de desarrollo,4,290,2,ACREEDORA,BALANCE_ACTIVO,A) Activo no corriente / I. Inmovilizado intangible / 1. Desarrollo,,0,1,1,A) Activo no corriente / I. Inmovilizado intangible / 1. Desarrollo,INVERSION
2902,Deterioro de valor de concesiones administrativas,4,290,2,ACREEDORA,BALANCE_ACTIVO,A) Activo no corriente / I. Inmovilizado intangible / 2. Concesiones,,0,1,1,A) Activo no corriente / I. Inmovilizado intangible / 2. Concesiones,INVERSION
2903,Deterioro de valor de propiedad industrial,4,290,2,ACREEDORA,BALANCE_ACTIVO,"A) Activo no corriente / I. Inmovilizado intangible / 3. Patentes, licencias, marcas y similares",,0,1,1,"A) Activo no corriente / I. Inmovilizado intangible / 3. Patentes, licencias, marcas y similares",INVERSION
2905,Deterioro de valor de derechos de traspaso,4,290,2,ACREEDORA,BALANCE_ACTIVO,A) Activo no corriente / I. Inmovilizado intangible / 7. Otro inmovilizado intangible,,0,1,1,A) Activo no corriente / I. Inmovilizado intangible / 7. Otro inmovilizado intangible,INVERSION
2906,Deterioro de valor de aplicaciones informáticas,4,290,2,ACREEDORA,BALANCE_ACTIVO,A) Activo no corriente / I. Inmovilizado intangible / 5. Aplicaciones informáticas,,0,1,1,A) Activo no corriente / I. Inmovilizado intangible / 5. Aplicaciones informáticas,INVERSION
291,Deterioro de valor del inmovilizado material,3,29,2,ACREEDORA,BALANCE_ACTIVO,A) Activo no corriente / II. Inmovilizado material,,0,1,1,A) Activo no corriente / II. Inmovilizado material,INVERSION
2910,Deterioro de valor de terrenos y bienes naturales,4,291,2,ACREEDORA,BALANCE_ACTIVO,A) Activo no corriente / II. Inmovilizado material / 1. Terrenos y construcciones,,0,1,1,A) Activo no corriente / II. Inmovilizado material / 1. Terrenos y construcciones,INVERSION
2911,Deterioro de valor de construcciones,4,291,2,ACREEDORA,BALANCE_ACTIVO,A) Activo no corriente / II. Inmovilizado material / 1. Terrenos y construcciones,,0,1,1,A) Activo no corriente / II. Inmovilizado material / 1. Terrenos y construcciones,INVERSION
2912,Deterioro de valor de instalaciones técnicas,4,291,2,ACREEDORA,BALANCE_ACTIVO,A) Activo no corriente / II. Inmovilizado material / 2. Instalaciones técnicas y otro inmovilizado material,,0,1,1,A) Activo no corriente / II. Inmovilizado material / 2. Instalaciones técnicas y otro inmovilizado material,INVERSION
2913,Deterioro de valor de maquinaria,4,291,2,ACREEDORA,BALANCE_ACTIVO,A) Activo no corriente / II. Inmovilizado material / 2. Instalaciones técnicas y otro inmovilizado material,,0,1,1,A) Activo no corriente / II. Inmovilizado material / 2. Instalaciones técnicas y otro inmovilizado material,INVERSION
2914,Deterioro de valor de utillaje,4,291,2,ACREEDORA,BALANCE_ACTIVO,A) Activo no corriente / II. Inmovilizado material / 2. Instalaciones técnicas y otro inmovilizado material,,0,1,1,A) Activo no corriente / II. Inmovilizado material / 2. Instalaciones técnicas y otro inmovilizado material,INVERSION
2915,Deterioro de valor de otras instalaciones,4,291,2,ACREEDORA,BALANCE_ACTIVO,A) Activo no corriente / II. Inmovilizado material / 2. Instalaciones técnicas y otro inmovilizado material,,0,1,1,A) Activo no corriente / II. Inmovilizado material / 2. Instalaciones técnicas y otro inmovilizado material,INVERSION
2916,Deterioro de valor de mobiliario,4,291,2,ACREEDORA,BALANCE_ACTIVO,A) Activo no corriente / II. Inmovilizado material / 2. Instalaciones técnicas y otro inmovilizado material,,0,1,1,A) Activo no corriente / II. Inmovilizado material / 2. Instalaciones técnicas y otro inmovilizado material,INVERSION
2917,Deterioro de valor de equipos para procesos de información,4,291,2,ACREEDORA,BALANCE_ACTIVO,A) Activo no corriente / II. Inmovilizado material / 2. Instalaciones técnicas y otro inmovilizado material,,0,1,1,A) Activo no corriente / II. Inmovilizado material / 2. Instalaciones técnicas y otro inmovilizado material,INVERSION
2918,Deterioro de valor de elementos de transporte,4,291,2,ACREEDORA,BALANCE_ACTIVO,A) Activo no corriente / II. Inmovilizado material / 2. Instalaciones técnicas y otro inmovilizado material,,0,1,1,A) Activo no corriente / II. Inmovilizado material / 2. Instalaciones técnicas y otro inmovilizado material,INVERSION
2919,Deterioro de valor de otro inmovilizado material,4,291,2,ACREEDORA,BALANCE_ACTIVO,A) Activo no corriente / II. Inmovilizado material / 2. Instalaciones técnicas y otro inmovilizado material,,0,1,1,A) Activo no corriente / II. Inmovilizado material / 2. Instalaciones técnicas y otro inmovilizado material,INVERSION
292,Deterioro de valor de las inversiones inmobiliarias,3,29,2,ACREEDORA,BALANCE_ACTIVO,A) Activo no corriente / III. Inversiones inmobiliarias,,0,1,1,A) Activo no corriente / III. Inversiones inmobiliarias,INVERSION
2920,Deterioro de valor de los terrenos y bienes naturales,4,292,2,ACREEDORA,BALANCE_ACTIVO,A) Activo no corriente / III. Inversiones inmobiliarias / 1. Terrenos,,0,1,1,A) Activo no corriente / III. Inversiones inmobiliarias / 1. Terrenos,INVERSION
2921,Deterioro de valor de construcciones,4,292,2,ACREEDORA,BALANCE_ACTIVO,A) Activo no corriente / III. Inversiones inmobiliarias / 2. Construcciones,,0,1,1,A) Activo no corriente / III. Inversiones inmobiliarias / 2. Construcciones,INVERSION
293,Deterioro de valor de participaciones a largo plazo en partes vinculadas,3,29,2,ACREEDORA,BALANCE_ACTIVO,A) Activo no corriente / IV. Inversiones en empresas del grupo y asociadas a largo plazo / 1. Instrumentos de patrimonio,,0,1,1,A) Activo no corriente / IV. Inversiones en empresas del grupo y asociadas a largo plazo / 1. Instrumentos de patrimonio,INVERSION
2933,Deterioro de valor de participaciones a largo plazo en empresas del grupo,4,293,2,ACREEDORA,BALANCE_ACTIVO,A) Activo no corriente / IV. Inversiones en empresas del grupo y asociadas a largo plazo / 1. Instrumentos de patrimonio,,0,1,1,A) Activo no corriente / IV. Inversiones en empresas del grupo y asociadas a largo plazo / 1. Instrumentos de patrimonio,INVERSION
2934,Deterioro de valor de participaciones a largo plazo en empresas asociadas,4,293,2,ACREEDORA,BALANCE_ACTIVO,A) Activo no corriente / IV. Inversiones en empresas del grupo y asociadas a largo plazo / 1. Instrumentos de patrimonio,,0,1,1,A) Activo no corriente / IV. Inversiones en empresas del grupo y asociadas a largo plazo / 1. Instrumentos de patrimonio,INVERSION
2935,Deterioro de valor de participaciones a largo plazo en otras partes vinculadas,4,293,2,ACREEDORA,BALANCE_ACTIVO,A) Activo no corriente / V. Inversiones financieras a largo plazo / 1. Instrumentos de patrimonio,,0,1,1,A) Activo no corriente / V. Inversiones financieras a largo plazo / 1. Instrumentos de patrimonio,INVERSION
294,Deterioro de valor de valores representativos de deuda a largo plazo de partes vinculadas,3,29,2,ACREEDORA,BALANCE_ACTIVO,A) Activo no corriente / IV. Inversiones en empresas del grupo y asociadas a largo plazo / 3. Valores representativos de deuda,,0,1,1,A) Activo no corriente / IV. Inversiones en empresas del grupo y asociadas a largo plazo / 3. Valores representativos de deuda,INVERSION
2943,Deterioro de valor de valores representativos de deuda a largo plazo de empresas del grupo,4,294,2,ACREEDORA,BALANCE_ACTIVO,A) Activo no corriente / IV. Inversiones en empresas del grupo y asociadas a largo plazo / 3. Valores representativos de deuda,,0,1,1,A) Activo no corriente / IV. Inversiones en empresas del grupo y asociadas a largo plazo / 3. Valores representativos de deuda,INVERSION
2944,Deterioro de valor de valores representativos de deuda a largo plazo de empresas asociadas,4,294,2,ACREEDORA,BALANCE_ACTIVO,A) Activo no corriente / IV. Inversiones en empresas del grupo y asociadas a largo plazo / 3. Valores representativos de deuda,,0,1,1,A) Activo no corriente / IV. Inversiones en empresas del grupo y asociadas a largo plazo / 3. Valores representativos de deuda,INVERSION
2945,Deterioro de valor de valores representativos de deuda a largo plazo de otras partes vinculadas,4,294,2,ACREEDORA,BALANCE_ACTIVO,A) Activo no corriente / V. Inversiones financieras a largo plazo / 3. Valores representativos de deuda,,0,1,1,A) Activo no corriente / V. Inversiones financieras a largo plazo / 3. Valores representativos de deuda,INVERSION
295,Deterioro de valor de créditos a largo plazo a partes vinculadas,3,29,2,ACREEDORA,BALANCE_ACTIVO,A) Activo no corriente / IV. Inversiones en empresas del grupo y asociadas a largo plazo / 2. Créditos a empresas,,0,1,1,A) Activo no corriente / IV. Inversiones en empresas del grupo y asociadas a largo plazo / 2. Créditos a empresas,INVERSION
2953,Deterioro de valor de créditos a largo plazo a empresas del grupo,4,295,2,ACREEDORA,BALANCE_ACTIVO,A) Activo no corriente / IV. Inversiones en empresas del grupo y asociadas a largo plazo / 2. Créditos a empresas,,0,1,1,A) Activo no corriente / IV. Inversiones en empresas del grupo y asociadas a largo plazo / 2. Créditos a empresas,INVERSION
2954,Deterioro de valor de créditos a largo plazo a empresas asociadas,4,295,2,ACREEDORA,BALANCE_ACTIVO,A) Activo no corriente / IV. Inversiones en empresas del grupo y asociadas a largo plazo / 2. Créditos a empresas,,0,1,1,A) Activo no corriente / IV. Inversiones en empresas del grupo y asociadas a largo plazo / 2. Créditos a empresas,INVERSION
2955,Deterioro de valor de créditos a largo plazo a otras partes vinculadas,4,295,2,ACREEDORA,BALANCE_ACTIVO,A) Activo no corriente / V. Inversiones financieras a largo plazo / 2. Créditos a terceros,,0,1,1,A) Activo no corriente / V. Inversiones financieras a largo plazo / 2. Créditos a terceros,INVERSION
296,Deterioro de valor de participaciones en el patrimonio neto a largo plazo,3,29,2,ACREEDORA,BALANCE_ACTIVO,A) Activo no corriente / V. Inversiones financieras a largo plazo / 1. Instrumentos de patrimonio,,0,1,1,A) Activo no corriente / V. Inversiones financieras a largo plazo / 1. Instrumentos de patrimonio,INVERSION
297,Deterioro de valor de valores representativos de deuda a largo plazo,3,29,2,ACREEDORA,BALANCE_ACTIVO,A) Activo no corriente / V. Inversiones financieras a largo plazo / 3. Valores representativos de deuda,,0,1,1,A) Activo no corriente / V. Inversiones financieras a largo plazo / 3. Valores representativos de deuda,INVERSION
298,Deterioro de valor de créditos a largo plazo,3,29,2,ACREEDORA,BALANCE_ACTIVO,A) Activo no corriente / V. Inversiones financieras a largo plazo / 2. Créditos a terceros,,0,1,1,A) Activo no corriente / V. Inversiones financieras a largo plazo / 2. Créditos a terceros,INVERSION
3,Existencias,1,,3,DEUDORA,BALANCE_ACTIVO,B) Activo corriente / II. Existencias,,0,0,1,B) Activo corriente / I. Existencias,OTROS_EXPLOTACION
30,Comerciales,2,3,3,DEUDORA,BALANCE_ACTIVO,B) Activo corriente / II. Existencias / 1. Comerciales,,0,0,1,B) Activo corriente / I. Existencias / 1. Comerciales,OTROS_EXPLOTACION
300,Mercaderías A,3,30,3,DEUDORA,BALANCE_ACTIVO,B) Activo corriente / II. Existencias / 1. Comerciales,,0,0,1,B) Activo corriente / I. Existencias / 1. Comerciales,OTROS_EXPLOTACION
301,Mercaderías B,3,30,3,DEUDORA,BALANCE_ACTIVO,B) Activo corriente / II. Existencias / 1. Comerciales,,0,0,1,B) Activo corriente / I. Existencias / 1. Comerciales,OTROS_EXPLOTACION
31,Materias primas,2,3,3,DEUDORA,BALANCE_ACTIVO,B) Activo corriente / II. Existencias / 2. Materias primas y otros aprovisionamientos,,0,0,1,B) Activo corriente / I. Existencias / 2. Materias primas y otros aprovisionamientos,OTROS_EXPLOTACION
310,Materias primas A,3,31,3,DEUDORA,BALANCE_ACTIVO,B) Activo corriente / II. Existencias / 2. Materias primas y otros aprovisionamientos,,0,0,1,B) Activo corriente / I. Existencias / 2. Materias primas y otros aprovisionamientos,OTROS_EXPLOTACION
311,Materias primas B,3,31,3,DEUDORA,BALANCE_ACTIVO,B) Activo corriente / II. Existencias / 2. Materias primas y otros aprovisionamientos,,0,0,1,B) Activo corriente / I. Existencias / 2. Materias primas y otros aprovisionamientos,OTROS_EXPLOTACION
32,Otros aprovisionamientos,2,3,3,DEUDORA,BALANCE_ACTIVO,B) Activo corriente / II. Existencias / 2. Materias primas y otros aprovisionamientos,,0,0,1,B) Activo corriente / I. Existencias / 2. Materias primas y otros aprovisionamientos,OTROS_EXPLOTACION
320,Elementos y conjuntos incorporables,3,32,3,DEUDORA,BALANCE_ACTIVO,B) Activo corriente / II. Existencias / 2. Materias primas y otros aprovisionamientos,,0,0,1,B) Activo corriente / I. Existencias / 2. Materias primas y otros aprovisionamientos,OTROS_EXPLOTACION
321,Combustibles,3,32,3,DEUDORA,BALANCE_ACTIVO,B) Activo corriente / II. Existencias / 2. Materias primas y otros aprovisionamientos,,0,0,1,B) Activo corriente / I. Existencias / 2. Materias primas y otros aprovisionamientos,OTROS_EXPLOTACION
322,Repuestos,3,32,3,DEUDORA,BALANCE_ACTIVO,B) Activo corriente / II. Existencias / 2. Materias primas y otros aprovisionamientos,,0,0,1,B) Activo corriente / I. Existencias / 2. Materias primas y otros aprovisionamientos,OTROS_EXPLOTACION
325,Materiales diversos,3,32,3,DEUDORA,BALANCE_ACTIVO,B) Activo corriente / II. Existencias / 2. Materias primas y otros aprovisionamientos,,0,0,1,B) Activo corriente / I. Existencias / 2. Materias primas y otros aprovisionamientos,OTROS_EXPLOTACION
326,Embalajes,3,32,3,DEUDORA,BALANCE_ACTIVO,B) Activo corriente / II. Existencias / 2. Materias primas y otros aprovisionamientos,,0,0,1,B) Activo corriente / I. Existencias / 2. Materias primas y otros aprovisionamientos,OTROS_EXPLOTACION
327,Envases,3,32,3,DEUDORA,BALANCE_ACTIVO,B) Activo corriente / II. Existencias / 2. Materias primas y otros aprovisionamientos,,0,0,1,B) Activo corriente / I. Existencias / 2. Materias primas y otros aprovisionamientos,OTROS_EXPLOTACION
328,Material de oficina,3,32,3,DEUDORA,BALANCE_ACTIVO,B) Activo corriente / II. Existencias / 2. Materias primas y otros aprovisionamientos,,0,0,1,B) Activo corriente / I. Existencias / 2. Materias primas y otros aprovisionamientos,OTROS_EXPLOTACION
33,Productos en curso,2,3,3,DEUDORA,BALANCE_ACTIVO,B) Activo corriente / II. Existencias / 3. Productos en curso,,0,0,1,B) Activo corriente / I. Existencias / 3. Productos en curso,OTROS_EXPLOTACION
330,Productos en curso A,3,33,3,DEUDORA,BALANCE_ACTIVO,B) Activo corriente / II. Existencias / 3. Productos en curso,,0,0,1,B) Activo corriente / I. Existencias / 3. Productos en curso,OTROS_EXPLOTACION
331,Productos en curso B,3,33,3,DEUDORA,BALANCE_ACTIVO,B) Activo corriente / II. Existencias / 3. Productos en curso,,0,0,1,B) Activo corriente / I. Existencias / 3. Productos en curso,OTROS_EXPLOTACION
34,Productos semiterminados,2,3,3,DEUDORA,BALANCE_ACTIVO,B) Activo corriente / II. Existencias / 3. Productos en curso,,0,0,1,B) Activo corriente / I. Existencias / 3. Productos en curso,OTROS_EXPLOTACION
340,Productos semiterminados A,3,34,3,DEUDORA,BALANCE_ACTIVO,B) Activo corriente / II. Existencias / 3. Productos en curso,,0,0,1,B) Activo corriente / I. Existencias / 3. Productos en curso,OTROS_EXPLOTACION
341,Productos semiterminados B,3,34,3,DEUDORA,BALANCE_ACTIVO,B) Activo corriente / II. Existencias / 3. Productos en curso,,0,0,1,B) Activo corriente / I. Existencias / 3. Productos en curso,OTROS_EXPLOTACION
35,Productos terminados,2,3,3,DEUDORA,BALANCE_ACTIVO,B) Activo corriente / II. Existencias / 4. Productos terminados,,0,0,1,B) Activo corriente / I. Existencias / 4. Productos terminados,OTROS_EXPLOTACION
350,Productos terminados A,3,35,3,DEUDORA,BALANCE_ACTIVO,B) Activo corriente / II. Existencias / 4. Productos terminados,,0,0,1,B) Activo corriente / I. Existencias / 4. Productos terminados,OTROS_EXPLOTACION
351,Productos terminados B,3,35,3,DEUDORA,BALANCE_ACTIVO,B) Activo corriente / II. Existencias / 4. Productos terminados,,0,0,1,B) Activo corriente / I. Existencias / 4. Productos terminados,OTROS_EXPLOTACION
36,"Subproductos, residuos y materiales recuperados",2,3,3,DEUDORA,BALANCE_ACTIVO,"B) Activo corriente / II. Existencias / 5. Subproductos, residuos y materiales recuperados",,0,0,1,"B) Activo corriente / I. Existencias / 5. Subproductos, residuos y materiales recuperados",OTROS_EXPLOTACION
360,Subproductos A,3,36,3,DEUDORA,BALANCE_ACTIVO,"B) Activo corriente / II. Existencias / 5. Subproductos, residuos y materiales recuperados",,0,0,1,"B) Activo corriente / I. Existencias / 5. Subproductos, residuos y materiales recuperados",OTROS_EXPLOTACION
361,Subproductos B,3,36,3,DEUDORA,BALANCE_ACTIVO,"B) Activo corriente / II. Existencias / 5. Subproductos, residuos y materiales recuperados",,0,0,1,"B) Activo corriente / I. Existencias / 5. Subproductos, residuos y materiales recuperados",OTROS_EXPLOTACION
365,Residuos A,3,36,3,DEUDORA,BALANCE_ACTIVO,"B) Activo corriente / II. Existencias / 5. Subproductos, residuos y materiales recuperados",,0,0,1,"B) Activo corriente / I. Existencias / 5. Subproductos, residuos y materiales recuperados",OTROS_EXPLOTACION
366,Residuos B,3,36,3,DEUDORA,BALANCE_ACTIVO,"B) Activo corriente / II. Existencias / 5. Subproductos, residuos y materiales recuperados",,0,0,1,"B) Activo corriente / I. Existencias / 5. Subproductos, residuos y materiales recuperados",OTROS_EXPLOTACION
368,Materiales recuperados A,3,36,3,DEUDORA,BALANCE_ACTIVO,"B) Activo corriente / II. Existencias / 5. Subproductos, residuos y materiales recuperados",,0,0,1,"B) Activo corriente / I. Existencias / 5. Subproductos, residuos y materiales recuperados",OTROS_EXPLOTACION
369,Materiales recuperados B,3,36,3,DEUDORA,BALANCE_ACTIVO,"B) Activo corriente / II. Existencias / 5. Subproductos, residuos y materiales recuperados",,0,0,1,"B) Activo corriente / I. Existencias / 5. Subproductos, residuos y materiales recuperados",OTROS_EXPLOTACION
39,Deterioro de valor de las existencias,2,3,3,ACREEDORA,BALANCE_ACTIVO,B) Activo corriente / II. Existencias,,0,1,1,B) Activo corriente / I. Existencias,OTROS_EXPLOTACION
390,Deterioro de valor de las mercaderías,3,39,3,ACREEDORA,BALANCE_ACTIVO,B) Activo corriente / II. Existencias / 1. Comerciales,,0,1,1,B) Activo corriente / I. Existencias / 1. Comerciales,OTROS_EXPLOTACION
391,Deterioro de valor de las materias primas,3,39,3,ACREEDORA,BALANCE_ACTIVO,B) Activo corriente / II. Existencias / 2. Materias primas y otros aprovisionamientos,,0,1,1,B) Activo corriente / I. Existencias / 2. Materias primas y otros aprovisionamientos,OTROS_EXPLOTACION
392,Deterioro de valor de otros aprovisionamientos,3,39,3,ACREEDORA,BALANCE_ACTIVO,B) Activo corriente / II. Existencias / 2. Materias primas y otros aprovisionamientos,,0,1,1,B) Activo corriente / I. Existencias / 2. Materias primas y otros aprovisionamientos,OTROS_EXPLOTACION
393,Deterioro de valor de los productos en curso,3,39,3,ACREEDORA,BALANCE_ACTIVO,B) Activo corriente / II. Existencias / 3. Productos en curso,,0,1,1,B) Activo corriente / I. Existencias / 3. Productos en curso,OTROS_EXPLOTACION
394,Deterioro de valor de los productos semiterminados,3,39,3,ACREEDORA,BALANCE_ACTIVO,B) Activo corriente / II. Existencias / 3. Productos en curso,,0,1,1,B) Activo corriente / I. Existencias / 3. Productos en curso,OTROS_EXPLOTACION
395,Deterioro de valor de los productos terminados,3,39,3,ACREEDORA,BALANCE_ACTIVO,B) Activo corriente / II. Existencias / 4. Productos terminados,,0,1,1,B) Activo corriente / I. Existencias / 4. Productos terminados,OTROS_EXPLOTACION
396,"Deterioro de valor de los subproductos, residuos y materiales recuperados",3,39,3,ACREEDORA,BALANCE_ACTIVO,"B) Activo corriente / II. Existencias / 5. Subproductos, residuos y materiales recuperados",,0,1,1,"B) Activo corriente / I. Existencias / 5. Subproductos, residuos y materiales recuperados",OTROS_EXPLOTACION
4,Acreedores y deudores por operaciones comerciales,1,,4,DEUDORA,,,,0,0,1,,
40,Proveedores,2,4,4,ACREEDORA,BALANCE_PASIVO,C) Pasivo corriente / V. Acreedores comerciales y otras cuentas a pagar / 1. Proveedores,,0,0,1,C) Pasivo corriente / IV. Acreedores comerciales y otras cuentas a pagar / 1. Proveedores,PAGOS_PROVEEDORES
400,Proveedores,3,40,4,ACREEDORA,BALANCE_PASIVO,C) Pasivo corriente / V. Acreedores comerciales y otras cuentas a pagar / 1. Proveedores,,0,0,1,C) Pasivo corriente / IV. Acreedores comerciales y otras cuentas a pagar / 1. Proveedores,PAGOS_PROVEEDORES
4000,Proveedores (euros),4,400,4,ACREEDORA,BALANCE_PASIVO,C) Pasivo corriente / V. Acreedores comerciales y otras cuentas a pagar / 1. Proveedores,,0,0,1,C) Pasivo corriente / IV. Acreedores comerciales y otras cuentas a pagar / 1. Proveedores,PAGOS_PROVEEDORES
4004,Proveedores (moneda extranjera),4,400,4,ACREEDORA,BALANCE_PASIVO,C) Pasivo corriente / V. Acreedores comerciales y otras cuentas a pagar / 1. Proveedores,,0,0,1,C) Pasivo corriente / IV. Acreedores comerciales y otras cuentas a pagar / 1. Proveedores,PAGOS_PROVEEDORES
4009,"Proveedores, facturas pendientes de recibir o de formalizar",4,400,4,ACREEDORA,BALANCE_PASIVO,C) Pasivo corriente / V. Acreedores comerciales y otras cuentas a pagar / 1. Proveedores,,0,0,1,C) Pasivo corriente / IV. Acreedores comerciales y otras cuentas a pagar / 1. Proveedores,PAGOS_PROVEEDORES
401,"Proveedores, efectos comerciales a pagar",3,40,4,ACREEDORA,BALANCE_PASIVO,C) Pasivo corriente / V. Acreedores comerciales y otras cuentas a pagar / 1. Proveedores,,0,0,1,C) Pasivo corriente / IV. Acreedores comerciales y otras cuentas a pagar / 1. Proveedores,PAGOS_PROVEEDORES
403,"Proveedores, empresas del grupo",3,40,4,ACREEDORA,BALANCE_PASIVO,"C) Pasivo corriente / V. Acreedores comerciales y otras cuentas a pagar / 2. Proveedores, empresas del grupo y asociadas",,0,0,1,"C) Pasivo corriente / IV. Acreedores comerciales y otras cuentas a pagar / 2. Proveedores, empresas del grupo y asociadas",PAGOS_PROVEEDORES
4030,"Proveedores, empresas del grupo (euros)",4,403,4,ACREEDORA,BALANCE_PASIVO,"C) Pasivo corriente / V. Acreedores comerciales y otras cuentas a pagar / 2. Proveedores, empresas del grupo y asociadas",,0,0,1,"C) Pasivo corriente / IV. Acreedores comerciales y otras cuentas a pagar / 2. Proveedores, empresas del grupo y asociadas",PAGOS_PROVEEDORES
4031,"Efectos comerciales a pagar, empresas del grupo",4,403,4,ACREEDORA,BALANCE_PASIVO,"C) Pasivo corriente / V. Acreedores comerciales y otras cuentas a pagar / 2. Proveedores, empresas del grupo y asociadas",,0,0,1,"C) Pasivo corriente / IV. Acreedores comerciales y otras cuentas a pagar / 2. Proveedores, empresas del grupo y asociadas",PAGOS_PROVEEDORES
4034,"Proveedores, empresas del grupo (moneda extranjera)",4,403,4,ACREEDORA,BALANCE_PASIVO,"C) Pasivo corriente / V. Acreedores comerciales y otras cuentas a pagar / 2. Proveedores, empresas del grupo y asociadas",,0,0,1,"C) Pasivo corriente / IV. Acreedores comerciales y otras cuentas a pagar / 2. Proveedores, empresas del grupo y asociadas",PAGOS_PROVEEDORES
4036,"Envases y embalajes a devolver a proveedores, empresas del grupo",4,403,4,ACREEDORA,BALANCE_PASIVO,"C) Pasivo corriente / V. Acreedores comerciales y otras cuentas a pagar / 2. Proveedores, empresas del grupo y asociadas",,0,0,1,"C) Pasivo corriente / IV. Acreedores comerciales y otras cuentas a pagar / 2. Proveedores, empresas del grupo y asociadas",PAGOS_PROVEEDORES
4039,"Proveedores, empresas del grupo, facturas pendientes de recibir o de formalizar",4,403,4,ACREEDORA,BALANCE_PASIVO,"C) Pasivo corriente / V. Acreedores comerciales y otras cuentas a pagar / 2. Proveedores, empresas del grupo y asociadas",,0,0,1,"C) Pasivo corriente / IV. Acreedores comerciales y otras cuentas a pagar / 2. Proveedores, empresas del grupo y asociadas",PAGOS_PROVEEDORES
404,"Proveedores, empresas asociadas",3,40,4,ACREEDORA,BALANCE_PASIVO,"C) Pasivo corriente / V. Acreedores comerciales y otras cuentas a pagar / 2. Proveedores, empresas del grupo y asociadas",,0,0,1,"C) Pasivo corriente / IV. Acreedores comerciales y otras cuentas a pagar / 2. Proveedores, empresas del grupo y asociadas",PAGOS_PROVEEDORES
405,"Proveedores, otras partes vinculadas",3,40,4,ACREEDORA,BALANCE_PASIVO,C) Pasivo corriente / V. Acreedores comerciales y otras cuentas a pagar / 1. Proveedores,,0,0,1,C) Pasivo corriente / IV. Acreedores comerciales y otras cuentas a pagar / 1. Proveedores,PAGOS_PROVEEDORES
406,Envases y embalajes a devolver a proveedores,3,40,4,DEUDORA,BALANCE_PASIVO,C) Pasivo corriente / V. Acreedores comerciales y otras cuentas a pagar / 1. Proveedores,,0,1,1,C) Pasivo corriente / IV. Acreedores comerciales y otras cuentas a pagar / 1. Proveedores,PAGOS_PROVEEDORES
407,Anticipos a proveedores,3,40,4,DEUDORA,BALANCE_ACTIVO,B) Activo corriente / II. Existencias / 6. Anticipos a proveedores,,0,0,1,B) Activo corriente / I. Existencias / 6. Anticipos a proveedores,PAGOS_PROVEEDORES
41,Acreedores varios,2,4,4,ACREEDORA,BALANCE_PASIVO,C) Pasivo corriente / V. Acreedores comerciales y otras cuentas a pagar / 3. Acreedores varios,,0,0,1,C) Pasivo corriente / IV. Acreedores comerciales y otras cuentas a pagar / 3. Acreedores varios,PAGOS_PROVEEDORES
410,Acreedores por prestaciones de servicios,3,41,4,ACREEDORA,BALANCE_PASIVO,C) Pasivo corriente / V. Acreedores comerciales y otras cuentas a pagar / 3. Acreedores varios,,0,0,1,C) Pasivo corriente / IV. Acreedores comerciales y otras cuentas a pagar / 3. Acreedores varios,PAGOS_PROVEEDORES
4100,Acreedores por prestaciones de servicios (euros),4,410,4,ACREEDORA,BALANCE_PASIVO,C) Pasivo corriente / V. Acreedores comerciales y otras cuentas a pagar / 3. Acreedores varios,,0,0,1,C) Pasivo corriente / IV. Acreedores comerciales y otras cuentas a pagar / 3. Acreedores varios,PAGOS_PROVEEDORES
4104,Acreedores por prestaciones de servicios (moneda extranjera),4,410,4,ACREEDORA,BALANCE_PASIVO,C) Pasivo corriente / V. Acreedores comerciales y otras cuentas a pagar / 3. Acreedores varios,,0,0,1,C) Pasivo corriente / IV. Acreedores comerciales y otras cuentas a pagar / 3. Acreedores varios,PAGOS_PROVEEDORES
4109,"Acreedores por prestaciones de servicios, facturas pendientes de recibir o de formalizar",4,410,4,ACREEDORA,BALANCE_PASIVO,C) Pasivo corriente / V. Acreedores comerciales y otras cuentas a pagar / 3. Acreedores varios,,0,0,1,C) Pasivo corriente / IV. Acreedores comerciales y otras cuentas a pagar / 3. Acreedores varios,PAGOS_PROVEEDORES
411,"Acreedores, efectos comerciales a pagar",3,41,4,ACREEDORA,BALANCE_PASIVO,C) Pasivo corriente / V. Acreedores comerciales y otras cuentas a pagar / 3. Acreedores varios,,0,0,1,C) Pasivo corriente / IV. Acreedores comerciales y otras cuentas a pagar / 3. Acreedores varios,PAGOS_PROVEEDORES
419,Acreedores por operaciones en común,3,41,4,ACREEDORA,BALANCE_PASIVO,C) Pasivo corriente / V. Acreedores comerciales y otras cuentas a pagar / 3. Acreedores varios,,0,0,1,C) Pasivo corriente / IV. Acreedores comerciales y otras cuentas a pagar / 3. Acreedores varios,PAGOS_PROVEEDORES
43,Clientes,2,4,4,DEUDORA,BALANCE_ACTIVO,B) Activo corriente / III. Deudores comerciales y otras cuentas a cobrar / 1. Clientes por ventas y prestaciones de servicios,,0,0,1,B) Activo corriente / II. Deudores comerciales y otras cuentas a cobrar / 1. Clientes por ventas y prestaciones de servicios,COBROS_CLIENTES
430,Clientes,3,43,4,DEUDORA,BALANCE_ACTIVO,B) Activo corriente / III. Deudores comerciales y otras cuentas a cobrar / 1. Clientes por ventas y prestaciones de servicios,,0,0,1,B) Activo corriente / II. Deudores comerciales y otras cuentas a cobrar / 1. Clientes por ventas y prestaciones de servicios,COBROS_CLIENTES
4300,Clientes (euros),4,430,4,DEUDORA,BALANCE_ACTIVO,B) Activo corriente / III. Deudores comerciales y otras cuentas a cobrar / 1. Clientes por ventas y prestaciones de servicios,,0,0,1,B) Activo corriente / II. Deudores comerciales y otras cuentas a cobrar / 1. Clientes por ventas y prestaciones de servicios,COBROS_CLIENTES
4304,Clientes (moneda extranjera),4,430,4,DEUDORA,BALANCE_ACTIVO,B) Activo corriente / III. Deudores comerciales y otras cuentas a cobrar / 1. Clientes por ventas y prestaciones de servicios,,0,0,1,B) Activo corriente / II. Deudores comerciales y otras cuentas a cobrar / 1. Clientes por ventas y prestaciones de servicios,COBROS_CLIENTES
4309,"Clientes, facturas pendientes de formalizar",4,430,4,DEUDORA,BALANCE_ACTIVO,B) Activo corriente / III. Deudores comerciales y otras cuentas a cobrar / 1. Clientes por ventas y prestaciones de servicios,,0,0,1,B) Activo corriente / II. Deudores comerciales y otras cuentas a cobrar / 1. Clientes por ventas y prestaciones de servicios,COBROS_CLIENTES
431,"Clientes, efectos comerciales a cobrar",3,43,4,DEUDORA,BALANCE_ACTIVO,B) Activo corriente / III. Deudores comerciales y otras cuentas a cobrar / 1. Clientes por ventas y prestaciones de servicios,,0,0,1,B) Activo corriente / II. Deudores comerciales y otras cuentas a cobrar / 1. Clientes por ventas y prestaciones de servicios,COBROS_CLIENTES
4310,Efectos comerciales en cartera,4,431,4,DEUDORA,BALANCE_ACTIVO,B) Activo corriente / III. Deudores comerciales y otras cuentas a cobrar / 1. Clientes por ventas y prestaciones de servicios,,0,0,1,B) Activo corriente / II. Deudores comerciales y otras cuentas a cobrar / 1. Clientes por ventas y prestaciones de servicios,COBROS_CLIENTES
4311,Efectos comerciales descontados,4,431,4,DEUDORA,BALANCE_ACTIVO,B) Activo corriente / III. Deudores comerciales y otras cuentas a cobrar / 1. Clientes por ventas y prestaciones de servicios,,0,0,1,B) Activo corriente / II. Deudores comerciales y otras cuentas a cobrar / 1. Clientes por ventas y prestaciones de servicios,COBROS_CLIENTES
4312,Efectos comerciales en gestión de cobro,4,431,4,DEUDORA,BALANCE_ACTIVO,B) Activo corriente / III. Deudores comerciales y otras cuentas a cobrar / 1. Clientes por ventas y prestaciones de servicios,,0,0,1,B) Activo corriente / II. Deudores comerciales y otras cuentas a cobrar / 1. Clientes por ventas y prestaciones de servicios,COBROS_CLIENTES
4315,Efectos comerciales impagados,4,431,4,DEUDORA,BALANCE_ACTIVO,B) Activo corriente / III. Deudores comerciales y otras cuentas a cobrar / 1. Clientes por ventas y prestaciones de servicios,,0,0,1,B) Activo corriente / II. Deudores comerciales y otras cuentas a cobrar / 1. Clientes por ventas y prestaciones de servicios,COBROS_CLIENTES
432,"Clientes, operaciones de «factoring»",3,43,4,DEUDORA,BALANCE_ACTIVO,B) Activo corriente / III. Deudores comerciales y otras cuentas a cobrar / 1. Clientes por ventas y prestaciones de servicios,,0,0,1,B) Activo corriente / II. Deudores comerciales y otras cuentas a cobrar / 1. Clientes por ventas y prestaciones de servicios,COBROS_CLIENTES
433,"Clientes, empresas del grupo",3,43,4,DEUDORA,BALANCE_ACTIVO,"B) Activo corriente / III. Deudores comerciales y otras cuentas a cobrar / 2. Clientes, empresas del grupo y asociadas",,0,0,1,"B) Activo corriente / II. Deudores comerciales y otras cuentas a cobrar / 2. Clientes, empresas del grupo y asociadas",COBROS_CLIENTES
4330,"Clientes, empresas del grupo (euros)",4,433,4,DEUDORA,BALANCE_ACTIVO,"B) Activo corriente / III. Deudores comerciales y otras cuentas a cobrar / 2. Clientes, empresas del grupo y asociadas",,0,0,1,"B) Activo corriente / II. Deudores comerciales y otras cuentas a cobrar / 2. Clientes, empresas del grupo y asociadas",COBROS_CLIENTES
4331,"Efectos comerciales a cobrar, empresas del grupo",4,433,4,DEUDORA,BALANCE_ACTIVO,"B) Activo corriente / III. Deudores comerciales y otras cuentas a cobrar / 2. Clientes, empresas del grupo y asociadas",,0,0,1,"B) Activo corriente / II. Deudores comerciales y otras cuentas a cobrar / 2. Clientes, empresas del grupo y asociadas",COBROS_CLIENTES
4332,"Clientes, empresas del grupo, operaciones de «factoring»",4,433,4,DEUDORA,BALANCE_ACTIVO,"B) Activo corriente / III. Deudores comerciales y otras cuentas a cobrar / 2. Clientes, empresas del grupo y asociadas",,0,0,1,"B) Activo corriente / II. Deudores comerciales y otras cuentas a cobrar / 2. Clientes, empresas del grupo y asociadas",COBROS_CLIENTES
4334,"Clientes, empresas del grupo (moneda extranjera)",4,433,4,DEUDORA,BALANCE_ACTIVO,"B) Activo corriente / III. Deudores comerciales y otras cuentas a cobrar / 2. Clientes, empresas del grupo y asociadas",,0,0,1,"B) Activo corriente / II. Deudores comerciales y otras cuentas a cobrar / 2. Clientes, empresas del grupo y asociadas",COBROS_CLIENTES
4336,"Clientes, empresas del grupo de dudoso cobro",4,433,4,DEUDORA,BALANCE_ACTIVO,"B) Activo corriente / III. Deudores comerciales y otras cuentas a cobrar / 2. Clientes, empresas del grupo y asociadas",,0,0,1,"B) Activo corriente / II. Deudores comerciales y otras cuentas a cobrar / 2. Clientes, empresas del grupo y asociadas",COBROS_CLIENTES
4337,"Envases y embalajes a devolver a clientes, empresas del grupo",4,433,4,ACREEDORA,BALANCE_ACTIVO,"B) Activo corriente / III. Deudores comerciales y otras cuentas a cobrar / 2. Clientes, empresas del grupo y asociadas",,0,1,1,"B) Activo corriente / II. Deudores comerciales y otras cuentas a cobrar / 2. Clientes, empresas del grupo y asociadas",COBROS_CLIENTES
4339,"Clientes, empresas del grupo, facturas pendientes de formalizar",4,433,4,DEUDORA,BALANCE_ACTIVO,"B) Activo corriente / III. Deudores comerciales y otras cuentas a cobrar / 2. Clientes, empresas del grupo y asociadas",,0,0,1,"B) Activo corriente / II. Deudores comerciales y otras cuentas a cobrar / 2. Clientes, empresas del grupo y asociadas",COBROS_CLIENTES
434,"Clientes, empresas asociadas",3,43,4,DEUDORA,BALANCE_ACTIVO,"B) Activo corriente / III. Deudores comerciales y otras cuentas a cobrar / 2. Clientes, empresas del grupo y asociadas",,0,0,1,"B) Activo corriente / II. Deudores comerciales y otras cuentas a cobrar / 2. Clientes, empresas del grupo y asociadas",COBROS_CLIENTES
435,"Clientes, otras partes vinculadas",3,43,4,DEUDORA,BALANCE_ACTIVO,B) Activo corriente / III. Deudores comerciales y otras cuentas a cobrar / 1. Clientes por ventas y prestaciones de servicios,,0,0,1,B) Activo corriente / II. Deudores comerciales y otras cuentas a cobrar / 1. Clientes por ventas y prestaciones de servicios,COBROS_CLIENTES
436,Clientes de dudoso cobro,3,43,4,DEUDORA,BALANCE_ACTIVO,B) Activo corriente / III. Deudores comerciales y otras cuentas a cobrar / 1. Clientes por ventas y prestaciones de servicios,,0,0,1,B) Activo corriente / II. Deudores comerciales y otras cuentas a cobrar / 1. Clientes por ventas y prestaciones de servicios,COBROS_CLIENTES
437,Envases y embalajes a devolver por clientes,3,43,4,ACREEDORA,BALANCE_ACTIVO,B) Activo corriente / III. Deudores comerciales y otras cuentas a cobrar / 1. Clientes por ventas y prestaciones de servicios,,0,1,1,B) Activo corriente / II. Deudores comerciales y otras cuentas a cobrar / 1. Clientes por ventas y prestaciones de servicios,COBROS_CLIENTES
438,Anticipos de clientes,3,43,4,ACREEDORA,BALANCE_PASIVO,C) Pasivo corriente / V. Acreedores comerciales y otras cuentas a pagar / 7. Anticipos de clientes,,0,0,1,C) Pasivo corriente / IV. Acreedores comerciales y otras cuentas a pagar / 7. Anticipos de clientes,COBROS_CLIENTES
44,Deudores varios,2,4,4,DEUDORA,BALANCE_ACTIVO,B) Activo corriente / III. Deudores comerciales y otras cuentas a cobrar / 3. Deudores varios,,0,0,1,B) Activo corriente / II. Deudores comerciales y otras cuentas a cobrar / 3. Deudores varios,OTROS_EXPLOTACION
440,Deudores,3,44,4,DEUDORA,BALANCE_ACTIVO,B) Activo corriente / III. Deudores comerciales y otras cuentas a cobrar / 3. Deudores varios,,0,0,1,B) Activo corriente / II. Deudores comerciales y otras cuentas a cobrar / 3. Deudores varios,OTROS_EXPLOTACION
4400,Deudores (euros),4,440,4,DEUDORA,BALANCE_ACTIVO,B) Activo corriente / III. Deudores comerciales y otras cuentas a cobrar / 3. Deudores varios,,0,0,1,B) Activo corriente / II. Deudores comerciales y otras cuentas a cobrar / 3. Deudores varios,OTROS_EXPLOTACION
4404,Deudores (moneda extranjera),4,440,4,DEUDORA,BALANCE_ACTIVO,B) Activo corriente / III. Deudores comerciales y otras cuentas a cobrar / 3. Deudores varios,,0,0,1,B) Activo corriente / II. Deudores comerciales y otras cuentas a cobrar / 3. Deudores varios,OTROS_EXPLOTACION
4409,"Deudores, facturas pendientes de formalizar",4,440,4,DEUDORA,BALANCE_ACTIVO,B) Activo corriente / III. Deudores comerciales y otras cuentas a cobrar / 3. Deudores varios,,0,0,1,B) Activo corriente / II. Deudores comerciales y otras cuentas a cobrar / 3. Deudores varios,OTROS_EXPLOTACION
441,"Deudores, efectos comerciales a cobrar",3,44,4,DEUDORA,BALANCE_ACTIVO,B) Activo corriente / III. Deudores comerciales y otras cuentas a cobrar / 3. Deudores varios,,0,0,1,B) Activo corriente / II. Deudores comerciales y otras cuentas a cobrar / 3. Deudores varios,OTROS_EXPLOTACION
4410,"Deudores, efectos comerciales en cartera",4,441,4,DEUDORA,BALANCE_ACTIVO,B) Activo corriente / III. Deudores comerciales y otras cuentas a cobrar / 3. Deudores varios,,0,0,1,B) Activo corriente / II. Deudores comerciales y otras cuentas a cobrar / 3. Deudores varios,OTROS_EXPLOTACION
4411,"Deudores, efectos comerciales descontados",4,441,4,DEUDORA,BALANCE_ACTIVO,B) Activo corriente / III. Deudores comerciales y otras cuentas a cobrar / 3. Deudores varios,,0,0,1,B) Activo corriente / II. Deudores comerciales y otras cuentas a cobrar / 3. Deudores varios,OTROS_EXPLOTACION
4412,"Deudores, efectos comerciales en gestión de cobro",4,441,4,DEUDORA,BALANCE_ACTIVO,B) Activo corriente / III. Deudores comerciales y otras cuentas a cobrar / 3. Deudores varios,,0,0,1,B) Activo corriente / II. Deudores comerciales y otras cuentas a cobrar / 3. Deudores varios,OTROS_EXPLOTACION
4415,"Deudores, efectos comerciales impagados",4,441,4,DEUDORA,BALANCE_ACTIVO,B) Activo corriente / III. Deudores comerciales y otras cuentas a cobrar / 3. Deudores varios,,0,0,1,B) Activo corriente / II. Deudores comerciales y otras cuentas a cobrar / 3. Deudores varios,OTROS_EXPLOTACION
446,Deudores de dudoso cobro,3,44,4,DEUDORA,BALANCE_ACTIVO,B) Activo corriente / III. Deudores comerciales y otras cuentas a cobrar / 3. Deudores varios,,0,0,1,B) Activo corriente / II. Deudores comerciales y otras cuentas a cobrar / 3. Deudores varios,OTROS_EXPLOTACION
449,Deudores por operaciones en común,3,44,4,DEUDORA,BALANCE_ACTIVO,B) Activo corriente / III. Deudores comerciales y otras cuentas a cobrar / 3. Deudores varios,,0,0,1,B) Activo corriente / II. Deudores comerciales y otras cuentas a cobrar / 3. Deudores varios,OTROS_EXPLOTACION
46,Personal,2,4,4,DEUDORA,,,,0,0,1,,OTROS_EXPLOTACION
460,Anticipos de remuneraciones,3,46,4,DEUDORA,BALANCE_ACTIVO,B) Activo corriente / III. Deudores comerciales y otras cuentas a cobrar / 4. Personal,,0,0,1,B) Activo corriente / II. Deudores comerciales y otras cuentas a cobrar / 4. Personal,PAGOS_PERSONAL
465,Remuneraciones pendientes de pago,3,46,4,ACREEDORA,BALANCE_PASIVO,C) Pasivo corriente / V. Acreedores comerciales y otras cuentas a pagar / 4. Personal (remuneraciones pendientes de pago),,0,0,1,C) Pasivo corriente / IV. Acreedores comerciales y otras cuentas a pagar / 4. Personal (remuneraciones pendientes de pago),PAGOS_PERSONAL
466,Remuneraciones mediante sistemas de aportación definida pendientes de pago,3,46,4,ACREEDORA,BALANCE_PASIVO,C) Pasivo corriente / V. Acreedores comerciales y otras cuentas a pagar / 4. Personal (remuneraciones pendientes de pago),,0,0,1,C) Pasivo corriente / IV. Acreedores comerciales y otras cuentas a pagar / 4. Personal (remuneraciones pendientes de pago),PAGOS_PERSONAL
47,Administraciones públicas,2,4,4,DEUDORA,,,,0,0,1,,PAGOS_IMPUESTOS
470,"Hacienda Pública, deudora por diversos conceptos",3,47,4,DEUDORA,BALANCE_ACTIVO,B) Activo corriente / III. Deudores comerciales y otras cuentas a cobrar / 6. Otros créditos con las Administraciones Públicas,,0,0,1,B) Activo corriente / II. Deudores comerciales y otras cuentas a cobrar / 6. Otros créditos con las Administraciones Públicas,PAGOS_IMPUESTOS
4700,"Hacienda Pública, deudora por IVA",4,470,4,DEUDORA,BALANCE_ACTIVO,B) Activo corriente / III. Deudores comerciales y otras cuentas a cobrar / 6. Otros créditos con las Administraciones Públicas,,0,0,1,B) Activo corriente / II. Deudores comerciales y otras cuentas a cobrar / 6. Otros créditos con las Administraciones Públicas,PAGOS_IMPUESTOS
4708,"Hacienda Pública, deudora por subvenciones concedidas",4,470,4,DEUDORA,BALANCE_ACTIVO,B) Activo corriente / III. Deudores comerciales y otras cuentas a cobrar / 6. Otros créditos con las Administraciones Públicas,,0,0,1,B) Activo corriente / II. Deudores comerciales y otras cuentas a cobrar / 6. Otros créditos con las Administraciones Públicas,PAGOS_IMPUESTOS
4709,"Hacienda Pública, deudora por devolución de impuestos",4,470,4,DEUDORA,BALANCE_ACTIVO,B) Activo corriente / III. Deudores comerciales y otras cuentas a cobrar / 5. Activos por impuesto corriente,,0,0,1,B) Activo corriente / II. Deudores comerciales y otras cuentas a cobrar / 5. Activos por impuesto corriente,PAGOS_IMPUESTOS
471,"Organismos de la Seguridad Social, deudores",3,47,4,DEUDORA,BALANCE_ACTIVO,B) Activo corriente / III. Deudores comerciales y otras cuentas a cobrar / 6. Otros créditos con las Administraciones Públicas,,0,0,1,B) Activo corriente / II. Deudores comerciales y otras cuentas a cobrar / 6. Otros créditos con las Administraciones Públicas,PAGOS_PERSONAL
472,"Hacienda Pública, IVA soportado",3,47,4,DEUDORA,BALANCE_ACTIVO,B) Activo corriente / III. Deudores comerciales y otras cuentas a cobrar / 6. Otros créditos con las Administraciones Públicas,,0,0,1,B) Activo corriente / II. Deudores comerciales y otras cuentas a cobrar / 6. Otros créditos con las Administraciones Públicas,PAGOS_IMPUESTOS
473,"Hacienda Pública, retenciones y pagos a cuenta",3,47,4,DEUDORA,BALANCE_ACTIVO,B) Activo corriente / III. Deudores comerciales y otras cuentas a cobrar / 6. Otros créditos con las Administraciones Públicas,,0,0,1,B) Activo corriente / II. Deudores comerciales y otras cuentas a cobrar / 6. Otros créditos con las Administraciones Públicas,PAGOS_IMPUESTOS
474,Activos por impuesto diferido,3,47,4,DEUDORA,BALANCE_ACTIVO,A) Activo no corriente / VI. Activos por impuesto diferido,,0,0,1,A) Activo no corriente / VI. Activos por impuesto diferido,PAGOS_IMPUESTOS
4740,Activos por diferencias temporarias deducibles,4,474,4,DEUDORA,BALANCE_ACTIVO,A) Activo no corriente / VI. Activos por impuesto diferido,,0,0,1,A) Activo no corriente / VI. Activos por impuesto diferido,PAGOS_IMPUESTOS
4742,Derechos por deducciones y bonificaciones pendientes de aplicar,4,474,4,DEUDORA,BALANCE_ACTIVO,A) Activo no corriente / VI. Activos por impuesto diferido,,0,0,1,A) Activo no corriente / VI. Activos por impuesto diferido,PAGOS_IMPUESTOS
4745,Crédito por pérdidas a compensar del ejercicio,4,474,4,DEUDORA,BALANCE_ACTIVO,A) Activo no corriente / VI. Activos por impuesto diferido,,0,0,1,A) Activo no corriente / VI. Activos por impuesto diferido,PAGOS_IMPUESTOS
475,"Hacienda Pública, acreedora por conceptos fiscales",3,47,4,ACREEDORA,BALANCE_PASIVO,C) Pasivo corriente / V. Acreedores comerciales y otras cuentas a pagar / 6. Otras deudas con las Administraciones Públicas,,0,0,1,C) Pasivo corriente / IV. Acreedores comerciales y otras cuentas a pagar / 6. Otras deudas con las Administraciones Públicas,PAGOS_IMPUESTOS
4750,"Hacienda Pública, acreedora por IVA",4,475,4,ACREEDORA,BALANCE_PASIVO,C) Pasivo corriente / V. Acreedores comerciales y otras cuentas a pagar / 6. Otras deudas con las Administraciones Públicas,,0,0,1,C) Pasivo corriente / IV. Acreedores comerciales y otras cuentas a pagar / 6. Otras deudas con las Administraciones Públicas,PAGOS_IMPUESTOS
4751,"Hacienda Pública, acreedora por retenciones practicadas",4,475,4,ACREEDORA,BALANCE_PASIVO,C) Pasivo corriente / V. Acreedores comerciales y otras cuentas a pagar / 6. Otras deudas con las Administraciones Públicas,,0,0,1,C) Pasivo corriente / IV. Acreedores comerciales y otras cuentas a pagar / 6. Otras deudas con las Administraciones Públicas,PAGOS_IMPUESTOS
4752,"Hacienda Pública, acreedora por impuesto sobre sociedades",4,475,4,ACREEDORA,BALANCE_PASIVO,C) Pasivo corriente / V. Acreedores comerciales y otras cuentas a pagar / 5. Pasivos por impuesto corriente,,0,0,1,C) Pasivo corriente / IV. Acreedores comerciales y otras cuentas a pagar / 5. Pasivos por impuesto corriente,PAGOS_IMPUESTOS
4758,"Hacienda Pública, acreedora por subvenciones a reintegrar",4,475,4,ACREEDORA,BALANCE_PASIVO,C) Pasivo corriente / V. Acreedores comerciales y otras cuentas a pagar / 6. Otras deudas con las Administraciones Públicas,,0,0,1,C) Pasivo corriente / IV. Acreedores comerciales y otras cuentas a pagar / 6. Otras deudas con las Administraciones Públicas,PAGOS_IMPUESTOS
476,"Organismos de la Seguridad Social, acreedores",3,47,4,ACREEDORA,BALANCE_PASIVO,C) Pasivo corriente / V. Acreedores comerciales y otras cuentas a pagar / 6. Otras deudas con las Administraciones Públicas,,0,0,1,C) Pasivo corriente / IV. Acreedores comerciales y otras cuentas a pagar / 6. Otras deudas con las Administraciones Públicas,PAGOS_PERSONAL
477,"Hacienda Pública, IVA repercutido",3,47,4,ACREEDORA,BALANCE_PASIVO,C) Pasivo corriente / V. Acreedores comerciales y otras cuentas a pagar / 6. Otras deudas con las Administraciones Públicas,,0,0,1,C) Pasivo corriente / IV. Acreedores comerciales y otras cuentas a pagar / 6. Otras deudas con las Administraciones Públicas,PAGOS_IMPUESTOS
479,Pasivos por diferencias temporarias imponibles,3,47,4,ACREEDORA,BALANCE_PASIVO,B) Pasivo no corriente / IV. Pasivos por impuesto diferido,,0,0,1,B) Pasivo no corriente / IV. Pasivos por impuesto diferido,PAGOS_IMPUESTOS
48,Ajustes por periodificación,2,4,4,DEUDORA,,,,0,0,1,,OTROS_EXPLOTACION
480,Gastos anticipados,3,48,4,DEUDORA,BALANCE_ACTIVO,B) Activo corriente / VI. Periodificaciones a corto plazo,,0,0,1,B) Activo corriente / V. Periodificaciones a corto plazo,OTROS_EXPLOTACION
485,Ingresos anticipados,3,48,4,ACREEDORA,BALANCE_PASIVO,C) Pasivo corriente / VI. Periodificaciones a corto plazo,,0,0,1,C) Pasivo corriente / V. Periodificaciones a corto plazo,OTROS_EXPLOTACION
49,Deterioro de valor de créditos comerciales y provisiones a corto plazo,2,4,4,ACREEDORA,,,,0,0,1,,OTROS_EXPLOTACION
490,Deterioro de valor de créditos por operaciones comerciales,3,49,4,ACREEDORA,BALANCE_ACTIVO,B) Activo corriente / III. Deudores comerciales y otras cuentas a cobrar / 1. Clientes por ventas y prestaciones de servicios,,0,1,1,B) Activo corriente / II. Deudores comerciales y otras cuentas a cobrar / 1. Clientes por ventas y prestaciones de servicios,OTROS_EXPLOTACION
493,Deterioro de valor de créditos por operaciones comerciales con partes vinculadas,3,49,4,ACREEDORA,BALANCE_ACTIVO,"B) Activo corriente / III. Deudores comerciales y otras cuentas a cobrar / 2. Clientes, empresas del grupo y asociadas",,0,1,1,"B) Activo corriente / II. Deudores comerciales y otras cuentas a cobrar / 2. Clientes, empresas del grupo y asociadas",OTROS_EXPLOTACION
4933,Deterioro de valor de créditos por operaciones comerciales con empresas del grupo,4,493,4,ACREEDORA,BALANCE_ACTIVO,"B) Activo corriente / III. Deudores comerciales y otras cuentas a cobrar / 2. Clientes, empresas del grupo y asociadas",,0,1,1,"B) Activo corriente / II. Deudores comerciales y otras cuentas a cobrar / 2. Clientes, empresas del grupo y asociadas",OTROS_EXPLOTACION
4934,Deterioro de valor de créditos por operaciones comerciales con empresas asociadas,4,493,4,ACREEDORA,BALANCE_ACTIVO,"B) Activo corriente / III. Deudores comerciales y otras cuentas a cobrar / 2. Clientes, empresas del grupo y asociadas",,0,1,1,"B) Activo corriente / II. Deudores comerciales y otras cuentas a cobrar / 2. Clientes, empresas del grupo y asociadas",OTROS_EXPLOTACION
4935,Deterioro de valor de créditos por operaciones comerciales con otras partes vinculadas,4,493,4,ACREEDORA,BALANCE_ACTIVO,B) Activo corriente / III. Deudores comerciales y otras cuentas a cobrar / 1. Clientes por ventas y prestaciones de servicios,,0,1,1,B) Activo corriente / II. Deudores comerciales y otras cuentas a cobrar / 1. Clientes por ventas y prestaciones de servicios,OTROS_EXPLOTACION
499,Provisiones por operaciones comerciales,3,49,4,ACREEDORA,BALANCE_PASIVO,C) Pasivo corriente / II. Provisiones a corto plazo,,0,0,1,C) Pasivo corriente / I. Provisiones a corto plazo,OTROS_EXPLOTACION
4994,Provisión por contratos onerosos,4,499,4,ACREEDORA,BALANCE_PASIVO,C) Pasivo corriente / II. Provisiones a corto plazo,,0,0,1,C) Pasivo corriente / I. Provisiones a corto plazo,OTROS_EXPLOTACION
4999,Provisión para otras operaciones comerciales,4,499,4,ACREEDORA,BALANCE_PASIVO,C) Pasivo corriente / II. Provisiones a corto plazo,,0,0,1,C) Pasivo corriente / I. Provisiones a corto plazo,OTROS_EXPLOTACION
5,Cuentas financieras,1,,5,DEUDORA,,,,0,0,1,,
50,"Empréstitos, deudas con características especiales y otras emisiones análogas a corto plazo",2,5,5,ACREEDORA,BALANCE_PASIVO,C) Pasivo corriente / III. Deudas a corto plazo / 1. Obligaciones y otros valores negociables,,0,0,1,C) Pasivo corriente / II. Deudas a corto plazo / 1. Obligaciones y otros valores negociables,FINANCIACION
500,Obligaciones y bonos a corto plazo,3,50,5,ACREEDORA,BALANCE_PASIVO,C) Pasivo corriente / III. Deudas a corto plazo / 1. Obligaciones y otros valores negociables,,0,0,1,C) Pasivo corriente / II. Deudas a corto plazo / 1. Obligaciones y otros valores negociables,FINANCIACION
501,Obligaciones y bonos convertibles a corto plazo,3,50,5,ACREEDORA,BALANCE_PASIVO,C) Pasivo corriente / III. Deudas a corto plazo / 1. Obligaciones y otros valores negociables,,0,0,1,C) Pasivo corriente / II. Deudas a corto plazo / 1. Obligaciones y otros valores negociables,FINANCIACION
502,Acciones o participaciones a corto plazo consideradas como pasivos financieros,3,50,5,ACREEDORA,BALANCE_PASIVO,C) Pasivo corriente / VII. Deuda con características especiales a corto plazo,,0,0,1,C) Pasivo corriente / VI. Deuda con características especiales a corto plazo,FINANCIACION
505,Deudas representadas en otros valores negociables a corto plazo,3,50,5,ACREEDORA,BALANCE_PASIVO,C) Pasivo corriente / III. Deudas a corto plazo / 1. Obligaciones y otros valores negociables,,0,0,1,C) Pasivo corriente / II. Deudas a corto plazo / 1. Obligaciones y otros valores negociables,FINANCIACION
506,Intereses a corto plazo de empréstitos y otras emisiones análogas,3,50,5,ACREEDORA,BALANCE_PASIVO,C) Pasivo corriente / III. Deudas a corto plazo / 1. Obligaciones y otros valores negociables,,0,0,1,C) Pasivo corriente / II. Deudas a corto plazo / 1. Obligaciones y otros valores negociables,FINANCIACION
507,Dividendos de acciones o participaciones consideradas como pasivos financieros,3,50,5,ACREEDORA,BALANCE_PASIVO,C) Pasivo corriente / VII. Deuda con características especiales a corto plazo,,0,0,1,C) Pasivo corriente / VI. Deuda con características especiales a corto plazo,FINANCIACION
509,Valores negociables amortizados,3,50,5,ACREEDORA,BALANCE_PASIVO,C) Pasivo corriente / III. Deudas a corto plazo / 5. Otros pasivos financieros,,0,0,1,C) Pasivo corriente / II. Deudas a corto plazo / 5. Otros pasivos financieros,FINANCIACION
5090,Obligaciones y bonos amortizados,4,509,5,ACREEDORA,BALANCE_PASIVO,C) Pasivo corriente / III. Deudas a corto plazo / 5. Otros pasivos financieros,,0,0,1,C) Pasivo corriente / II. Deudas a corto plazo / 5. Otros pasivos financieros,FINANCIACION
5091,Obligaciones y bonos convertibles amortizados,4,509,5,ACREEDORA,BALANCE_PASIVO,C) Pasivo corriente / III. Deudas a corto plazo / 5. Otros pasivos financieros,,0,0,1,C) Pasivo corriente / II. Deudas a corto plazo / 5. Otros pasivos financieros,FINANCIACION
5095,Otros valores negociables amortizados,4,509,5,ACREEDORA,BALANCE_PASIVO,C) Pasivo corriente / III. Deudas a corto plazo / 5. Otros pasivos financieros,,0,0,1,C) Pasivo corriente / II. Deudas a corto plazo / 5. Otros pasivos financieros,FINANCIACION
51,Deudas a corto plazo con partes vinculadas,2,5,5,ACREEDORA,BALANCE_PASIVO,C) Pasivo corriente / IV. Deudas con empresas del grupo y asociadas a corto plazo,,0,0,1,C) Pasivo corriente / III. Deudas con empresas del grupo y asociadas a corto plazo,FINANCIACION
510,Deudas a corto plazo con entidades de crédito vinculadas,3,51,5,ACREEDORA,BALANCE_PASIVO,C) Pasivo corriente / IV. Deudas con empresas del grupo y asociadas a corto plazo,,0,0,1,C) Pasivo corriente / III. Deudas con empresas del grupo y asociadas a corto plazo,FINANCIACION
5103,"Deudas a corto plazo con entidades de crédito, empresas del grupo",4,510,5,ACREEDORA,BALANCE_PASIVO,C) Pasivo corriente / IV. Deudas con empresas del grupo y asociadas a corto plazo,,0,0,1,C) Pasivo corriente / III. Deudas con empresas del grupo y asociadas a corto plazo,FINANCIACION
5104,"Deudas a corto plazo con entidades de crédito, empresas asociadas",4,510,5,ACREEDORA,BALANCE_PASIVO,C) Pasivo corriente / IV. Deudas con empresas del grupo y asociadas a corto plazo,,0,0,1,C) Pasivo corriente / III. Deudas con empresas del grupo y asociadas a corto plazo,FINANCIACION
5105,Deudas a corto plazo con otras entidades de crédito vinculadas,4,510,5,ACREEDORA,BALANCE_PASIVO,C) Pasivo corriente / III. Deudas a corto plazo / 2. Deudas con entidades de crédito,,0,0,1,C) Pasivo corriente / II. Deudas a corto plazo / 2. Deudas con entidades de crédito,FINANCIACION
511,"Proveedores de inmovilizado a corto plazo, partes vinculadas",3,51,5,ACREEDORA,BALANCE_PASIVO,C) Pasivo corriente / IV. Deudas con empresas del grupo y asociadas a corto plazo,,0,0,1,C) Pasivo corriente / III. Deudas con empresas del grupo y asociadas a corto plazo,FINANCIACION
5113,"Proveedores de inmovilizado a corto plazo, empresas del grupo",4,511,5,ACREEDORA,BALANCE_PASIVO,C) Pasivo corriente / IV. Deudas con empresas del grupo y asociadas a corto plazo,,0,0,1,C) Pasivo corriente / III. Deudas con empresas del grupo y asociadas a corto plazo,FINANCIACION
5114,"Proveedores de inmovilizado a corto plazo, empresas asociadas",4,511,5,ACREEDORA,BALANCE_PASIVO,C) Pasivo corriente / IV. Deudas con empresas del grupo y asociadas a corto plazo,,0,0,1,C) Pasivo corriente / III. Deudas con empresas del grupo y asociadas a corto plazo,FINANCIACION
5115,"Proveedores de inmovilizado a corto plazo, otras partes vinculadas",4,511,5,ACREEDORA,BALANCE_PASIVO,C) Pasivo corriente / III. Deudas a corto plazo / 5. Otros pasivos financieros,,0,0,1,C) Pasivo corriente / II. Deudas a corto plazo / 5. Otros pasivos financieros,FINANCIACION
512,"Acreedores por arrendamiento financiero a corto plazo, partes vinculadas",3,51,5,ACREEDORA,BALANCE_PASIVO,C) Pasivo corriente / IV. Deudas con empresas del grupo y asociadas a corto plazo,,0,0,1,C) Pasivo corriente / III. Deudas con empresas del grupo y asociadas a corto plazo,FINANCIACION
5123,"Acreedores por arrendamiento financiero a corto plazo, empresas del grupo",4,512,5,ACREEDORA,BALANCE_PASIVO,C) Pasivo corriente / IV. Deudas con empresas del grupo y asociadas a corto plazo,,0,0,1,C) Pasivo corriente / III. Deudas con empresas del grupo y asociadas a corto plazo,FINANCIACION
5124,"Acreedores por arrendamiento financiero a corto plazo, empresas asociadas",4,512,5,ACREEDORA,BALANCE_PASIVO,C) Pasivo corriente / IV. Deudas con empresas del grupo y asociadas a corto plazo,,0,0,1,C) Pasivo corriente / III. Deudas con empresas del grupo y asociadas a corto plazo,FINANCIACION
5125,"Acreedores por arrendamiento financiero a corto plazo, otras partes vinculadas",4,512,5,ACREEDORA,BALANCE_PASIVO,C) Pasivo corriente / III. Deudas a corto plazo / 3. Acreedores por arrendamiento financiero,,0,0,1,C) Pasivo corriente / II. Deudas a corto plazo / 3. Acreedores por arrendamiento financiero,FINANCIACION
513,Otras deudas a corto plazo con partes vinculadas,3,51,5,ACREEDORA,BALANCE_PASIVO,C) Pasivo corriente / IV. Deudas con empresas del grupo y asociadas a corto plazo,,0,0,1,C) Pasivo corriente / III. Deudas con empresas del grupo y asociadas a corto plazo,FINANCIACION
5133,Otras deudas a corto plazo con empresas del grupo,4,513,5,ACREEDORA,BALANCE_PASIVO,C) Pasivo corriente / IV. Deudas con empresas del grupo y asociadas a corto plazo,,0,0,1,C) Pasivo corriente / III. Deudas con empresas del grupo y asociadas a corto plazo,FINANCIACION
5134,Otras deudas a corto plazo con empresas asociadas,4,513,5,ACREEDORA,BALANCE_PASIVO,C) Pasivo corriente / IV. Deudas con empresas del grupo y asociadas a corto plazo,,0,0,1,C) Pasivo corriente / III. Deudas con empresas del grupo y asociadas a corto plazo,FINANCIACION
5135,Otras deudas a corto plazo con otras partes vinculadas,4,513,5,ACREEDORA,BALANCE_PASIVO,C) Pasivo corriente / III. Deudas a corto plazo / 5. Otros pasivos financieros,,0,0,1,C) Pasivo corriente / II. Deudas a corto plazo / 5. Otros pasivos financieros,FINANCIACION
514,Intereses a corto plazo de deudas con partes vinculadas,3,51,5,ACREEDORA,BALANCE_PASIVO,C) Pasivo corriente / IV. Deudas con empresas del grupo y asociadas a corto plazo,,0,0,1,C) Pasivo corriente / III. Deudas con empresas del grupo y asociadas a corto plazo,FINANCIACION
5143,"Intereses a corto plazo de deudas, empresas del grupo",4,514,5,ACREEDORA,BALANCE_PASIVO,C) Pasivo corriente / IV. Deudas con empresas del grupo y asociadas a corto plazo,,0,0,1,C) Pasivo corriente / III. Deudas con empresas del grupo y asociadas a corto plazo,FINANCIACION
5144,"Intereses a corto plazo de deudas, empresas asociadas",4,514,5,ACREEDORA,BALANCE_PASIVO,C) Pasivo corriente / IV. Deudas con empresas del grupo y asociadas a corto plazo,,0,0,1,C) Pasivo corriente / III. Deudas con empresas del grupo y asociadas a corto plazo,FINANCIACION
5145,"Intereses a corto plazo de deudas, otras partes vinculadas",4,514,5,ACREEDORA,BALANCE_PASIVO,C) Pasivo corriente / III. Deudas a corto plazo / 5. Otros pasivos financieros,,0,0,1,C) Pasivo corriente / II. Deudas a corto plazo / 5. Otros pasivos financieros,FINANCIACION
52,Deudas a corto plazo por préstamos recibidos y otros conceptos,2,5,5,ACREEDORA,BALANCE_PASIVO,C) Pasivo corriente / III. Deudas a corto plazo,,0,0,1,C) Pasivo corriente / II. Deudas a corto plazo,FINANCIACION
520,Deudas a corto plazo con entidades de crédito,3,52,5,ACREEDORA,BALANCE_PASIVO,C) Pasivo corriente / III. Deudas a corto plazo / 2. Deudas con entidades de crédito,,0,0,1,C) Pasivo corriente / II. Deudas a corto plazo / 2. Deudas con entidades de crédito,FINANCIACION
5200,Préstamos a corto plazo de entidades de crédito,4,520,5,ACREEDORA,BALANCE_PASIVO,C) Pasivo corriente / III. Deudas a corto plazo / 2. Deudas con entidades de crédito,,0,0,1,C) Pasivo corriente / II. Deudas a corto plazo / 2. Deudas con entidades de crédito,FINANCIACION
5201,Deudas a corto plazo por crédito dispuesto,4,520,5,ACREEDORA,BALANCE_PASIVO,C) Pasivo corriente / III. Deudas a corto plazo / 2. Deudas con entidades de crédito,,0,0,1,C) Pasivo corriente / II. Deudas a corto plazo / 2. Deudas con entidades de crédito,FINANCIACION
5208,Deudas por efectos descontados,4,520,5,ACREEDORA,BALANCE_PASIVO,C) Pasivo corriente / III. Deudas a corto plazo / 2. Deudas con entidades de crédito,,0,0,1,C) Pasivo corriente / II. Deudas a corto plazo / 2. Deudas con entidades de crédito,FINANCIACION
5209,Deudas por operaciones de «factoring»,4,520,5,ACREEDORA,BALANCE_PASIVO,C) Pasivo corriente / III. Deudas a corto plazo / 2. Deudas con entidades de crédito,,0,0,1,C) Pasivo corriente / II. Deudas a corto plazo / 2. Deudas con entidades de crédito,FINANCIACION
521,Deudas a corto plazo,3,52,5,ACREEDORA,BALANCE_PASIVO,C) Pasivo corriente / III. Deudas a corto plazo / 5. Otros pasivos financieros,,0,0,1,C) Pasivo corriente / II. Deudas a corto plazo / 5. Otros pasivos financieros,FINANCIACION
522,"Deudas a corto plazo transformables en subvenciones, donaciones y legados",3,52,5,ACREEDORA,BALANCE_PASIVO,C) Pasivo corriente / III. Deudas a corto plazo / 5. Otros pasivos financieros,,0,0,1,C) Pasivo corriente / II. Deudas a corto plazo / 5. Otros pasivos financieros,FINANCIACION
523,Proveedores de inmovilizado a corto plazo,3,52,5,ACREEDORA,BALANCE_PASIVO,C) Pasivo corriente / III. Deudas a corto plazo / 5. Otros pasivos financieros,,0,0,1,C) Pasivo corriente / II. Deudas a corto plazo / 5. Otros pasivos financieros,FINANCIACION
524,Acreedores por arrendamiento financiero a corto plazo,3,52,5,ACREEDORA,BALANCE_PASIVO,C) Pasivo corriente / III. Deudas a corto plazo / 3. Acreedores por arrendamiento financiero,,0,0,1,C) Pasivo corriente / II. Deudas a corto plazo / 3. Acreedores por arrendamiento financiero,FINANCIACION
525,Efectos a pagar a corto plazo,3,52,5,ACREEDORA,BALANCE_PASIVO,C) Pasivo corriente / III. Deudas a corto plazo / 5. Otros pasivos financieros,,0,0,1,C) Pasivo corriente / II. Deudas a corto plazo / 5. Otros pasivos financieros,FINANCIACION
526,Dividendo activo a pagar,3,52,5,ACREEDORA,BALANCE_PASIVO,C) Pasivo corriente / III. Deudas a corto plazo / 5. Otros pasivos financieros,,0,0,1,C) Pasivo corriente / II. Deudas a corto plazo / 5. Otros pasivos financieros,FINANCIACION
527,Intereses a corto plazo de deudas con entidades de crédito,3,52,5,ACREEDORA,BALANCE_PASIVO,C) Pasivo corriente / III. Deudas a corto plazo / 2. Deudas con entidades de crédito,,0,0,1,C) Pasivo corriente / II. Deudas a corto plazo / 2. Deudas con entidades de crédito,FINANCIACION
528,Intereses a corto plazo de deudas,3,52,5,ACREEDORA,BALANCE_PASIVO,C) Pasivo corriente / III. Deudas a corto plazo / 5. Otros pasivos financieros,,0,0,1,C) Pasivo corriente / II. Deudas a corto plazo / 5. Otros pasivos financieros,FINANCIACION
529,Provisiones a corto plazo,3,52,5,ACREEDORA,BALANCE_PASIVO,C) Pasivo corriente / II. Provisiones a corto plazo,,0,0,1,C) Pasivo corriente / I. Provisiones a corto plazo,FINANCIACION
5290,Provisión a corto plazo por retribuciones al personal,4,529,5,ACREEDORA,BALANCE_PASIVO,C) Pasivo corriente / II. Provisiones a corto plazo,,0,0,1,C) Pasivo corriente / I. Provisiones a corto plazo,FINANCIACION
5291,Provisión a corto plazo para impuestos,4,529,5,ACREEDORA,BALANCE_PASIVO,C) Pasivo corriente / II. Provisiones a corto plazo,,0,0,1,C) Pasivo corriente / I. Provisiones a corto plazo,FINANCIACION
5292,Provisión a corto plazo para otras responsabilidades,4,529,5,ACREEDORA,BALANCE_PASIVO,C) Pasivo corriente / II. Provisiones a corto plazo,,0,0,1,C) Pasivo corriente / I. Provisiones a corto plazo,FINANCIACION
5293,"Provisión a corto plazo por desmantelamiento, retiro o rehabilitación del inmovilizado",4,529,5,ACREEDORA,BALANCE_PASIVO,C) Pasivo corriente / II. Provisiones a corto plazo,,0,0,1,C) Pasivo corriente / I. Provisiones a corto plazo,FINANCIACION
5295,Provisión a corto plazo para actuaciones medioambientales,4,529,5,ACREEDORA,BALANCE_PASIVO,C) Pasivo corriente / II. Provisiones a corto plazo,,0,0,1,C) Pasivo corriente / I. Provisiones a corto plazo,FINANCIACION
5296,Provisión a corto plazo para reestructuraciones,4,529,5,ACREEDORA,BALANCE_PASIVO,C) Pasivo corriente / II. Provisiones a corto plazo,,0,0,1,C) Pasivo corriente / I. Provisiones a corto plazo,FINANCIACION
5297,Provisión a corto plazo por transacciones con pagos basados en instrumentos de patrimonio,4,529,5,ACREEDORA,BALANCE_PASIVO,C) Pasivo corriente / II. Provisiones a corto plazo,,0,0,1,C) Pasivo corriente / I. Provisiones a corto plazo,FINANCIACION
53,Inversiones financieras a corto plazo en partes vinculadas,2,5,5,DEUDORA,BALANCE_ACTIVO,B) Activo corriente / IV. Inversiones en empresas del grupo y asociadas a corto plazo,,0,0,1,B) Activo corriente / III. Inversiones en empresas del grupo y asociadas a corto plazo,INVERSION
530,Participaciones a corto plazo en partes vinculadas,3,53,5,DEUDORA,BALANCE_ACTIVO,B) Activo corriente / IV. Inversiones en empresas del grupo y asociadas a corto plazo / 1. Instrumentos de patrimonio,,0,0,1,B) Activo corriente / III. Inversiones en empresas del grupo y asociadas a corto plazo / 1. Instrumentos de patrimonio,INVERSION
5303,Participaciones a corto plazo en empresas del grupo,4,530,5,DEUDORA,BALANCE_ACTIVO,B) Activo corriente / IV. Inversiones en empresas del grupo y asociadas a corto plazo / 1. Instrumentos de patrimonio,,0,0,1,B) Activo corriente / III. Inversiones en empresas del grupo y asociadas a corto plazo / 1. Instrumentos de patrimonio,INVERSION
5304,Participaciones a corto plazo en empresas asociadas,4,530,5,DEUDORA,BALANCE_ACTIVO,B) Activo corriente / IV. Inversiones en empresas del grupo y asociadas a corto plazo / 1. Instrumentos de patrimonio,,0,0,1,B) Activo corriente / III. Inversiones en empresas del grupo y asociadas a corto plazo / 1. Instrumentos de patrimonio,INVERSION
5305,Participaciones a corto plazo en otras partes vinculadas,4,530,5,DEUDORA,BALANCE_ACTIVO,B) Activo corriente / V. Inversiones financieras a corto plazo / 1. Instrumentos de patrimonio,,0,0,1,B) Activo corriente / IV. Inversiones financieras a corto plazo / 1. Instrumentos de patrimonio,INVERSION
531,Valores representativos de deuda a corto plazo de partes vinculadas,3,53,5,DEUDORA,BALANCE_ACTIVO,B) Activo corriente / IV. Inversiones en empresas del grupo y asociadas a corto plazo / 3. Valores representativos de deuda,,0,0,1,B) Activo corriente / III. Inversiones en empresas del grupo y asociadas a corto plazo / 3. Valores representativos de deuda,INVERSION
5313,Valores representativos de deuda a corto plazo de empresas del grupo,4,531,5,DEUDORA,BALANCE_ACTIVO,B) Activo corriente / IV. Inversiones en empresas del grupo y asociadas a corto plazo / 3. Valores representativos de deuda,,0,0,1,B) Activo corriente / III. Inversiones en empresas del grupo y asociadas a corto plazo / 3. Valores representativos de deuda,INVERSION
5314,Valores representativos de deuda a corto plazo de empresas asociadas,4,531,5,DEUDORA,BALANCE_ACTIVO,B) Activo corriente / IV. Inversiones en empresas del grupo y asociadas a corto plazo / 3. Valores representativos de deuda,,0,0,1,B) Activo corriente / III. Inversiones en empresas del grupo y asociadas a corto plazo / 3. Valores representativos de deuda,INVERSION
5315,Valores representativos de deuda a corto plazo de otras partes vinculadas,4,531,5,DEUDORA,BALANCE_ACTIVO,B) Activo corriente / V. Inversiones financieras a corto plazo / 3. Valores representativos de deuda,,0,0,1,B) Activo corriente / IV. Inversiones financieras a corto plazo / 3. Valores representativos de deuda,INVERSION
532,Créditos a corto plazo a partes vinculadas,3,53,5,DEUDORA,BALANCE_ACTIVO,B) Activo corriente / IV. Inversiones en empresas del grupo y asociadas a corto plazo / 2. Créditos a empresas,,0,0,1,B) Activo corriente / III. Inversiones en empresas del grupo y asociadas a corto plazo / 2. Créditos a empresas,INVERSION
5323,Créditos a corto plazo a empresas del grupo,4,532,5,DEUDORA,BALANCE_ACTIVO,B) Activo corriente / IV. Inversiones en empresas del grupo y asociadas a corto plazo / 2. Créditos a empresas,,0,0,1,B) Activo corriente / III. Inversiones en empresas del grupo y asociadas a corto plazo / 2. Créditos a empresas,INVERSION
5324,Créditos a corto plazo a empresas asociadas,4,532,5,DEUDORA,BALANCE_ACTIVO,B) Activo corriente / IV. Inversiones en empresas del grupo y asociadas a corto plazo / 2. Créditos a empresas,,0,0,1,B) Activo corriente / III. Inversiones en empresas del grupo y asociadas a corto plazo / 2. Créditos a empresas,INVERSION
5325,Créditos a corto plazo a otras partes vinculadas,4,532,5,DEUDORA,BALANCE_ACTIVO,B) Activo corriente / V. Inversiones financieras a corto plazo / 2. Créditos a empresas,,0,0,1,B) Activo corriente / IV. Inversiones financieras a corto plazo / 2. Créditos a empresas,INVERSION
533,Intereses a corto plazo de valores representativos de deuda de partes vinculadas,3,53,5,DEUDORA,BALANCE_ACTIVO,B) Activo corriente / IV. Inversiones en empresas del grupo y asociadas a corto plazo / 3. Valores representativos de deuda,,0,0,1,B) Activo corriente / III. Inversiones en empresas del grupo y asociadas a corto plazo / 3. Valores representativos de deuda,INVERSION
5333,Intereses a corto plazo de valores representativos de deuda de empresas del grupo,4,533,5,DEUDORA,BALANCE_ACTIVO,B) Activo corriente / IV. Inversiones en empresas del grupo y asociadas a corto plazo / 3. Valores representativos de deuda,,0,0,1,B) Activo corriente / III. Inversiones en empresas del grupo y asociadas a corto plazo / 3. Valores representativos de deuda,INVERSION
5334,Intereses a corto plazo de valores representativos de deuda de empresas asociadas,4,533,5,DEUDORA,BALANCE_ACTIVO,B) Activo corriente / IV. Inversiones en empresas del grupo y asociadas a corto plazo / 3. Valores representativos de deuda,,0,0,1,B) Activo corriente / III. Inversiones en empresas del grupo y asociadas a corto plazo / 3. Valores representativos de deuda,INVERSION
5335,Intereses a corto plazo de valores representativos de deuda de otras partes vinculadas,4,533,5,DEUDORA,BALANCE_ACTIVO,B) Activo corriente / V. Inversiones financieras a corto plazo / 3. Valores representativos de deuda,,0,0,1,B) Activo corriente / IV. Inversiones financieras a corto plazo / 3. Valores representativos de deuda,INVERSION
534,Intereses a corto plazo de créditos a partes vinculadas,3,53,5,DEUDORA,BALANCE_ACTIVO,B) Activo corriente / IV. Inversiones en empresas del grupo y asociadas a corto plazo / 2. Créditos a empresas,,0,0,1,B) Activo corriente / III. Inversiones en empresas del grupo y asociadas a corto plazo / 2. Créditos a empresas,INVERSION
5343,Intereses a corto plazo de créditos a empresas del grupo,4,534,5,DEUDORA,BALANCE_ACTIVO,B) Activo corriente / IV. Inversiones en empresas del grupo y asociadas a corto plazo / 2. Créditos a empresas,,0,0,1,B) Activo corriente / III. Inversiones en empresas del grupo y asociadas a corto plazo / 2. Créditos a empresas,INVERSION
5344,Intereses a corto plazo de créditos a empresas asociadas,4,534,5,DEUDORA,BALANCE_ACTIVO,B) Activo corriente / IV. Inversiones en empresas del grupo y asociadas a corto plazo / 2. Créditos a empresas,,0,0,1,B) Activo corriente / III. Inversiones en empresas del grupo y asociadas a corto plazo / 2. Créditos a empresas,INVERSION
5345,Intereses a corto plazo de créditos a otras partes vinculadas,4,534,5,DEUDORA,BALANCE_ACTIVO,B) Activo corriente / V. Inversiones financieras a corto plazo / 2. Créditos a empresas,,0,0,1,B) Activo corriente / IV. Inversiones financieras a corto plazo / 2. Créditos a empresas,INVERSION
535,Dividendo a cobrar de inversiones financieras en partes vinculadas,3,53,5,DEUDORA,BALANCE_ACTIVO,B) Activo corriente / IV. Inversiones en empresas del grupo y asociadas a corto plazo / 5. Otros activos financieros,,0,0,1,B) Activo corriente / III. Inversiones en empresas del grupo y asociadas a corto plazo / 5. Otros activos financieros,INVERSION
5353,Dividendo a cobrar de empresas del grupo,4,535,5,DEUDORA,BALANCE_ACTIVO,B) Activo corriente / IV. Inversiones en empresas del grupo y asociadas a corto plazo / 5. Otros activos financieros,,0,0,1,B) Activo corriente / III. Inversiones en empresas del grupo y asociadas a corto plazo / 5. Otros activos financieros,INVERSION
5354,Dividendo a cobrar de empresas asociadas,4,535,5,DEUDORA,BALANCE_ACTIVO,B) Activo corriente / IV. Inversiones en empresas del grupo y asociadas a corto plazo / 5. Otros activos financieros,,0,0,1,B) Activo corriente / III. Inversiones en empresas del grupo y asociadas a corto plazo / 5. Otros activos financieros,INVERSION
5355,Dividendo a cobrar de otras partes vinculadas,4,535,5,DEUDORA,BALANCE_ACTIVO,B) Activo corriente / V. Inversiones financieras a corto plazo / 5. Otros activos financieros,,0,0,1,B) Activo corriente / IV. Inversiones financieras a corto plazo / 5. Otros activos financieros,INVERSION
539,Desembolsos pendientes sobre participaciones a corto plazo en partes vinculadas,3,53,5,ACREEDORA,BALANCE_ACTIVO,B) Activo corriente / IV. Inversiones en empresas del grupo y asociadas a corto plazo / 1. Instrumentos de patrimonio,,0,1,1,B) Activo corriente / III. Inversiones en empresas del grupo y asociadas a corto plazo / 1. Instrumentos de patrimonio,INVERSION
5393,Desembolsos pendientes sobre participaciones a corto plazo en empresas del grupo,4,539,5,ACREEDORA,BALANCE_ACTIVO,B) Activo corriente / IV. Inversiones en empresas del grupo y asociadas a corto plazo / 1. Instrumentos de patrimonio,,0,1,1,B) Activo corriente / III. Inversiones en empresas del grupo y asociadas a corto plazo / 1. Instrumentos de patrimonio,INVERSION
5394,Desembolsos pendientes sobre participaciones a corto plazo en empresas asociadas,4,539,5,ACREEDORA,BALANCE_ACTIVO,B) Activo corriente / IV. Inversiones en empresas del grupo y asociadas a corto plazo / 1. Instrumentos de patrimonio,,0,1,1,B) Activo corriente / III. Inversiones en empresas del grupo y asociadas a corto plazo / 1. Instrumentos de patrimonio,INVERSION
5395,Desembolsos pendientes sobre participaciones a corto plazo en otras partes vinculadas,4,539,5,ACREEDORA,BALANCE_ACTIVO,B) Activo corriente / V. Inversiones financieras a corto plazo / 1. Instrumentos de patrimonio,,0,1,1,B) Activo corriente / IV. Inversiones financieras a corto plazo / 1. Instrumentos de patrimonio,INVERSION
54,Otras inversiones financieras a corto plazo,2,5,5,DEUDORA,BALANCE_ACTIVO,B) Activo corriente / V. Inversiones financieras a corto plazo,,0,0,1,B) Activo corriente / IV. Inversiones financieras a corto plazo,INVERSION
540,Inversiones financieras a corto plazo en instrumentos de patrimonio,3,54,5,DEUDORA,BALANCE_ACTIVO,B) Activo corriente / V. Inversiones financieras a corto plazo / 1. Instrumentos de patrimonio,,0,0,1,B) Activo corriente / IV. Inversiones financieras a corto plazo / 1. Instrumentos de patrimonio,INVERSION
541,Valores representativos de deuda a corto plazo,3,54,5,DEUDORA,BALANCE_ACTIVO,B) Activo corriente / V. Inversiones financieras a corto plazo / 3. Valores representativos de deuda,,0,0,1,B) Activo corriente / IV. Inversiones financieras a corto plazo / 3. Valores representativos de deuda,INVERSION
542,Créditos a corto plazo,3,54,5,DEUDORA,BALANCE_ACTIVO,B) Activo corriente / V. Inversiones financieras a corto plazo / 2. Créditos a empresas,,0,0,1,B) Activo corriente / IV. Inversiones financieras a corto plazo / 2. Créditos a empresas,INVERSION
543,Créditos a corto plazo por enajenación de inmovilizado,3,54,5,DEUDORA,BALANCE_ACTIVO,B) Activo corriente / V. Inversiones financieras a corto plazo / 2. Créditos a empresas,,0,0,1,B) Activo corriente / IV. Inversiones financieras a corto plazo / 2. Créditos a empresas,INVERSION
544,Créditos a corto plazo al personal,3,54,5,DEUDORA,BALANCE_ACTIVO,B) Activo corriente / III. Deudores comerciales y otras cuentas a cobrar / 4. Personal,,0,0,1,B) Activo corriente / II. Deudores comerciales y otras cuentas a cobrar / 4. Personal,INVERSION
545,Dividendo a cobrar,3,54,5,DEUDORA,BALANCE_ACTIVO,B) Activo corriente / V. Inversiones financieras a corto plazo / 5. Otros activos financieros,,0,0,1,B) Activo corriente / IV. Inversiones financieras a corto plazo / 5. Otros activos financieros,INVERSION
546,Intereses a corto plazo de valores representativos de deuda,3,54,5,DEUDORA,BALANCE_ACTIVO,B) Activo corriente / V. Inversiones financieras a corto plazo / 3. Valores representativos de deuda,,0,0,1,B) Activo corriente / IV. Inversiones financieras a corto plazo / 3. Valores representativos de deuda,INVERSION
547,Intereses a corto plazo de créditos,3,54,5,DEUDORA,BALANCE_ACTIVO,B) Activo corriente / V. Inversiones financieras a corto plazo / 2. Créditos a empresas,,0,0,1,B) Activo corriente / IV. Inversiones financieras a corto plazo / 2. Créditos a empresas,INVERSION
548,Imposiciones a corto plazo,3,54,5,DEUDORA,BALANCE_ACTIVO,B) Activo corriente / V. Inversiones financieras a corto plazo / 5. Otros activos financieros,,0,0,1,B) Activo corriente / IV. Inversiones financieras a corto plazo / 5. Otros activos financieros,INVERSION
549,Desembolsos pendientes sobre participaciones en el patrimonio neto a corto plazo,3,54,5,ACREEDORA,BALANCE_ACTIVO,B) Activo corriente / V. Inversiones financieras a corto plazo / 1. Instrumentos de patrimonio,,0,1,1,B) Activo corriente / IV. Inversiones financieras a corto plazo / 1. Instrumentos de patrimonio,INVERSION
55,Otras cuentas no bancarias,2,5,5,DEUDORA,,,,0,0,1,,OTROS_EXPLOTACION
550,Titular de la explotación,3,55,5,DEUDORA,BALANCE_PN,A) Patrimonio neto / A-1) Fondos propios / I. Capital / 1. Capital escriturado,,0,1,1,A) Patrimonio neto / A-1) Fondos propios / I. Capital / 1. Capital escriturado,OTROS_EXPLOTACION
551,Cuenta corriente con socios y administradores,3,55,5,DEUDORA,BALANCE_ACTIVO,B) Activo corriente / V. Inversiones financieras a corto plazo / 5. Otros activos financieros,,1,0,1,B) Activo corriente / IV. Inversiones financieras a corto plazo / 5. Otros activos financieros,OTROS_EXPLOTACION
552,Cuenta corriente con otras personas y entidades vinculadas,3,55,5,DEUDORA,BALANCE_ACTIVO,B) Activo corriente / IV. Inversiones en empresas del grupo y asociadas a corto plazo / 5. Otros activos financieros,,1,0,1,B) Activo corriente / III. Inversiones en empresas del grupo y asociadas a corto plazo / 5. Otros activos financieros,OTROS_EXPLOTACION
5523,Cuenta corriente con empresas del grupo,4,552,5,DEUDORA,BALANCE_ACTIVO,B) Activo corriente / IV. Inversiones en empresas del grupo y asociadas a corto plazo / 5. Otros activos financieros,,1,0,1,B) Activo corriente / III. Inversiones en empresas del grupo y asociadas a corto plazo / 5. Otros activos financieros,OTROS_EXPLOTACION
5524,Cuenta corriente con empresas asociadas,4,552,5,DEUDORA,BALANCE_ACTIVO,B) Activo corriente / IV. Inversiones en empresas del grupo y asociadas a corto plazo / 5. Otros activos financieros,,1,0,1,B) Activo corriente / III. Inversiones en empresas del grupo y asociadas a corto plazo / 5. Otros activos financieros,OTROS_EXPLOTACION
5525,Cuenta corriente con otras partes vinculadas,4,552,5,DEUDORA,BALANCE_ACTIVO,B) Activo corriente / V. Inversiones financieras a corto plazo / 5. Otros activos financieros,,1,0,1,B) Activo corriente / IV. Inversiones financieras a corto plazo / 5. Otros activos financieros,OTROS_EXPLOTACION
553,Cuentas corrientes en fusiones y escisiones,3,55,5,DEUDORA,,,,0,0,1,,OTROS_EXPLOTACION
5530,Socios de sociedad disuelta,4,553,5,DEUDORA,BALANCE_ACTIVO,B) Activo corriente / III. Deudores comerciales y otras cuentas a cobrar / 3. Deudores varios,,0,0,1,B) Activo corriente / II. Deudores comerciales y otras cuentas a cobrar / 3. Deudores varios,OTROS_EXPLOTACION
5531,"Socios, cuenta de fusión",4,553,5,ACREEDORA,BALANCE_PASIVO,C) Pasivo corriente / III. Deudas a corto plazo / 5. Otros pasivos financieros,,0,0,1,C) Pasivo corriente / II. Deudas a corto plazo / 5. Otros pasivos financieros,OTROS_EXPLOTACION
5532,Socios de sociedad escindida,4,553,5,DEUDORA,BALANCE_ACTIVO,B) Activo corriente / III. Deudores comerciales y otras cuentas a cobrar / 3. Deudores varios,,0,0,1,B) Activo corriente / II. Deudores comerciales y otras cuentas a cobrar / 3. Deudores varios,OTROS_EXPLOTACION
5533,"Socios, cuenta de escisión",4,553,5,ACREEDORA,BALANCE_PASIVO,C) Pasivo corriente / III. Deudas a corto plazo / 5. Otros pasivos financieros,,0,0,1,C) Pasivo corriente / II. Deudas a corto plazo / 5. Otros pasivos financieros,OTROS_EXPLOTACION
554,Cuenta corriente con uniones temporales de empresas y comunidades de bienes,3,55,5,DEUDORA,BALANCE_ACTIVO,B) Activo corriente / III. Deudores comerciales y otras cuentas a cobrar / 3. Deudores varios,,1,0,1,B) Activo corriente / II. Deudores comerciales y otras cuentas a cobrar / 3. Deudores varios,OTROS_EXPLOTACION
555,Partidas pendientes de aplicación,3,55,5,DEUDORA,BALANCE_ACTIVO,B) Activo corriente / III. Deudores comerciales y otras cuentas a cobrar / 3. Deudores varios,,1,0,1,B) Activo corriente / II. Deudores comerciales y otras cuentas a cobrar / 3. Deudores varios,OTROS_EXPLOTACION
556,Desembolsos exigidos sobre participaciones en el patrimonio neto,3,55,5,ACREEDORA,BALANCE_PASIVO,C) Pasivo corriente / III. Deudas a corto plazo / 5. Otros pasivos financieros,,0,0,1,C) Pasivo corriente / II. Deudas a corto plazo / 5. Otros pasivos financieros,OTROS_EXPLOTACION
5563,"Desembolsos exigidos sobre participaciones, empresas del grupo",4,556,5,ACREEDORA,BALANCE_PASIVO,C) Pasivo corriente / IV. Deudas con empresas del grupo y asociadas a corto plazo,,0,0,1,C) Pasivo corriente / III. Deudas con empresas del grupo y asociadas a corto plazo,OTROS_EXPLOTACION
5564,"Desembolsos exigidos sobre participaciones, empresas asociadas",4,556,5,ACREEDORA,BALANCE_PASIVO,C) Pasivo corriente / IV. Deudas con empresas del grupo y asociadas a corto plazo,,0,0,1,C) Pasivo corriente / III. Deudas con empresas del grupo y asociadas a corto plazo,OTROS_EXPLOTACION
5565,"Desembolsos exigidos sobre participaciones, otras partes vinculadas",4,556,5,ACREEDORA,BALANCE_PASIVO,C) Pasivo corriente / III. Deudas a corto plazo / 5. Otros pasivos financieros,,0,0,1,C) Pasivo corriente / II. Deudas a corto plazo / 5. Otros pasivos financieros,OTROS_EXPLOTACION
5566,Desembolsos exigidos sobre participaciones de otras empresas,4,556,5,ACREEDORA,BALANCE_PASIVO,C) Pasivo corriente / III. Deudas a corto plazo / 5. Otros pasivos financieros,,0,0,1,C) Pasivo corriente / II. Deudas a corto plazo / 5. Otros pasivos financieros,OTROS_EXPLOTACION
557,Dividendo activo a cuenta,3,55,5,DEUDORA,BALANCE_PN,A) Patrimonio neto / A-1) Fondos propios / VIII. (Dividendo a cuenta),,0,1,1,A) Patrimonio neto / A-1) Fondos propios / VIII. (Dividendo a cuenta),OTROS_EXPLOTACION
558,Socios por desembolsos exigidos,3,55,5,DEUDORA,BALANCE_ACTIVO,B) Activo corriente / III. Deudores comerciales y otras cuentas a cobrar / 7. Accionistas (socios) por desembolsos exigidos,,0,0,1,B) Activo corriente / II. Deudores comerciales y otras cuentas a cobrar / 7. Accionistas (socios) por desembolsos exigidos,OTROS_EXPLOTACION
5580,Socios por desembolsos exigidos sobre acciones o participaciones ordinarias,4,558,5,DEUDORA,BALANCE_ACTIVO,B) Activo corriente / III. Deudores comerciales y otras cuentas a cobrar / 7. Accionistas (socios) por desembolsos exigidos,,0,0,1,B) Activo corriente / II. Deudores comerciales y otras cuentas a cobrar / 7. Accionistas (socios) por desembolsos exigidos,OTROS_EXPLOTACION
5585,Socios por desembolsos exigidos sobre acciones o participaciones consideradas como pasivos financieros,4,558,5,DEUDORA,BALANCE_ACTIVO,B) Activo corriente / III. Deudores comerciales y otras cuentas a cobrar / 7. Accionistas (socios) por desembolsos exigidos,,0,0,1,B) Activo corriente / II. Deudores comerciales y otras cuentas a cobrar / 7. Accionistas (socios) por desembolsos exigidos,OTROS_EXPLOTACION
559,Derivados financieros a corto plazo,3,55,5,DEUDORA,,,,0,0,1,,OTROS_EXPLOTACION
5590,"Activos por derivados financieros a corto plazo, cartera de negociación",4,559,5,DEUDORA,BALANCE_ACTIVO,B) Activo corriente / V. Inversiones financieras a corto plazo / 4. Derivados,,0,0,1,B) Activo corriente / IV. Inversiones financieras a corto plazo / 4. Derivados,OTROS_EXPLOTACION
5593,"Activos por derivados financieros a corto plazo, instrumentos de cobertura",4,559,5,DEUDORA,BALANCE_ACTIVO,B) Activo corriente / V. Inversiones financieras a corto plazo / 4. Derivados,,0,0,0,,OTROS_EXPLOTACION
5595,"Pasivos por derivados financieros a corto plazo, cartera de negociación",4,559,5,ACREEDORA,BALANCE_PASIVO,C) Pasivo corriente / III. Deudas a corto plazo / 4. Derivados,,0,0,1,C) Pasivo corriente / II. Deudas a corto plazo / 4. Derivados,OTROS_EXPLOTACION
5598,"Pasivos por derivados financieros a corto plazo, instrumentos de cobertura",4,559,5,ACREEDORA,BALANCE_PASIVO,C) Pasivo corriente / III. Deudas a corto plazo / 4. Derivados,,0,0,0,,OTROS_EXPLOTACION
56,Fianzas y depósitos recibidos y constituidos a corto plazo y ajustes por periodificación,2,5,5,DEUDORA,,,,0,0,1,,FINANCIACION
560,Fianzas recibidas a corto plazo,3,56,5,ACREEDORA,BALANCE_PASIVO,C) Pasivo corriente / III. Deudas a corto plazo / 5. Otros pasivos financieros,,0,0,1,C) Pasivo corriente / II. Deudas a corto plazo / 5. Otros pasivos financieros,FINANCIACION
561,Depósitos recibidos a corto plazo,3,56,5,ACREEDORA,BALANCE_PASIVO,C) Pasivo corriente / III. Deudas a corto plazo / 5. Otros pasivos financieros,,0,0,1,C) Pasivo corriente / II. Deudas a corto plazo / 5. Otros pasivos financieros,FINANCIACION
565,Fianzas constituidas a corto plazo,3,56,5,DEUDORA,BALANCE_ACTIVO,B) Activo corriente / V. Inversiones financieras a corto plazo / 5. Otros activos financieros,,0,0,1,B) Activo corriente / IV. Inversiones financieras a corto plazo / 5. Otros activos financieros,FINANCIACION
566,Depósitos constituidos a corto plazo,3,56,5,DEUDORA,BALANCE_ACTIVO,B) Activo corriente / V. Inversiones financieras a corto plazo / 5. Otros activos financieros,,0,0,1,B) Activo corriente / IV. Inversiones financieras a corto plazo / 5. Otros activos financieros,FINANCIACION
567,Intereses pagados por anticipado,3,56,5,DEUDORA,BALANCE_ACTIVO,B) Activo corriente / VI. Periodificaciones a corto plazo,,0,0,1,B) Activo corriente / V. Periodificaciones a corto plazo,FINANCIACION
568,Intereses cobrados por anticipado,3,56,5,ACREEDORA,BALANCE_PASIVO,C) Pasivo corriente / VI. Periodificaciones a corto plazo,,0,0,1,C) Pasivo corriente / V. Periodificaciones a corto plazo,FINANCIACION
569,Garantías financieras a corto plazo,3,56,5,ACREEDORA,BALANCE_PASIVO,C) Pasivo corriente / III. Deudas a corto plazo / 5. Otros pasivos financieros,,0,0,1,C) Pasivo corriente / II. Deudas a corto plazo / 5. Otros pasivos financieros,FINANCIACION
57,Tesorería,2,5,5,DEUDORA,BALANCE_ACTIVO,B) Activo corriente / VII. Efectivo y otros activos líquidos equivalentes / 1. Tesorería,,0,0,1,B) Activo corriente / VI. Efectivo y otros activos líquidos equivalentes / 1. Tesorería,
570,"Caja, euros",3,57,5,DEUDORA,BALANCE_ACTIVO,B) Activo corriente / VII. Efectivo y otros activos líquidos equivalentes / 1. Tesorería,,0,0,1,B) Activo corriente / VI. Efectivo y otros activos líquidos equivalentes / 1. Tesorería,
571,"Caja, moneda extranjera",3,57,5,DEUDORA,BALANCE_ACTIVO,B) Activo corriente / VII. Efectivo y otros activos líquidos equivalentes / 1. Tesorería,,0,0,1,B) Activo corriente / VI. Efectivo y otros activos líquidos equivalentes / 1. Tesorería,
572,"Bancos e instituciones de crédito c/c vista, euros",3,57,5,DEUDORA,BALANCE_ACTIVO,B) Activo corriente / VII. Efectivo y otros activos líquidos equivalentes / 1. Tesorería,,0,0,1,B) Activo corriente / VI. Efectivo y otros activos líquidos equivalentes / 1. Tesorería,
573,"Bancos e instituciones de crédito c/c vista, moneda extranjera",3,57,5,DEUDORA,BALANCE_ACTIVO,B) Activo corriente / VII. Efectivo y otros activos líquidos equivalentes / 1. Tesorería,,0,0,1,B) Activo corriente / VI. Efectivo y otros activos líquidos equivalentes / 1. Tesorería,
574,"Bancos e instituciones de crédito, cuentas de ahorro, euros",3,57,5,DEUDORA,BALANCE_ACTIVO,B) Activo corriente / VII. Efectivo y otros activos líquidos equivalentes / 1. Tesorería,,0,0,1,B) Activo corriente / VI. Efectivo y otros activos líquidos equivalentes / 1. Tesorería,
575,"Bancos e instituciones de crédito, cuentas de ahorro, moneda extranjera",3,57,5,DEUDORA,BALANCE_ACTIVO,B) Activo corriente / VII. Efectivo y otros activos líquidos equivalentes / 1. Tesorería,,0,0,1,B) Activo corriente / VI. Efectivo y otros activos líquidos equivalentes / 1. Tesorería,
576,Inversiones a corto plazo de gran liquidez,3,57,5,DEUDORA,BALANCE_ACTIVO,B) Activo corriente / VII. Efectivo y otros activos líquidos equivalentes / 2. Otros activos líquidos equivalentes,,0,0,1,B) Activo corriente / VI. Efectivo y otros activos líquidos equivalentes / 2. Otros activos líquidos equivalentes,
58,Activos no corrientes mantenidos para la venta y activos y pasivos asociados,2,5,5,DEUDORA,,,,0,0,1,,INVERSION
580,Inmovilizado,3,58,5,DEUDORA,BALANCE_ACTIVO,B) Activo corriente / I. Activos no corrientes mantenidos para la venta,,0,0,0,,INVERSION
581,Inversiones con personas y entidades vinculadas,3,58,5,DEUDORA,BALANCE_ACTIVO,B) Activo corriente / I. Activos no corrientes mantenidos para la venta,,0,0,0,,INVERSION
582,Inversiones financieras,3,58,5,DEUDORA,BALANCE_ACTIVO,B) Activo corriente / I. Activos no corrientes mantenidos para la venta,,0,0,0,,INVERSION
583,"Existencias, deudores comerciales y otras cuentas a cobrar",3,58,5,DEUDORA,BALANCE_ACTIVO,B) Activo corriente / I. Activos no corrientes mantenidos para la venta,,0,0,0,,INVERSION
584,Otros activos,3,58,5,DEUDORA,BALANCE_ACTIVO,B) Activo corriente / I. Activos no corrientes mantenidos para la venta,,0,0,0,,INVERSION
585,Provisiones,3,58,5,ACREEDORA,BALANCE_PASIVO,C) Pasivo corriente / I. Pasivos vinculados con activos no corrientes mantenidos para la venta,,0,0,0,,INVERSION
586,Deudas con características especiales,3,58,5,ACREEDORA,BALANCE_PASIVO,C) Pasivo corriente / I. Pasivos vinculados con activos no corrientes mantenidos para la venta,,0,0,0,,INVERSION
587,Deudas con personas y entidades vinculadas,3,58,5,ACREEDORA,BALANCE_PASIVO,C) Pasivo corriente / I. Pasivos vinculados con activos no corrientes mantenidos para la venta,,0,0,0,,INVERSION
588,Acreedores comerciales y otras cuentas a pagar,3,58,5,ACREEDORA,BALANCE_PASIVO,C) Pasivo corriente / I. Pasivos vinculados con activos no corrientes mantenidos para la venta,,0,0,0,,INVERSION
589,Otros pasivos,3,58,5,ACREEDORA,BALANCE_PASIVO,C) Pasivo corriente / I. Pasivos vinculados con activos no corrientes mantenidos para la venta,,0,0,0,,INVERSION
59,Deterioro del valor de inversiones financieras a corto plazo y de activos no corrientes mantenidos para la venta,2,5,5,ACREEDORA,BALANCE_ACTIVO,B) Activo corriente,,0,1,1,B) Activo corriente,INVERSION
593,Deterioro de valor de participaciones a corto plazo en partes vinculadas,3,59,5,ACREEDORA,BALANCE_ACTIVO,B) Activo corriente / IV. Inversiones en empresas del grupo y asociadas a corto plazo / 1. Instrumentos de patrimonio,,0,1,1,B) Activo corriente / III. Inversiones en empresas del grupo y asociadas a corto plazo / 1. Instrumentos de patrimonio,INVERSION
5933,Deterioro de valor de participaciones a corto plazo en empresas del grupo,4,593,5,ACREEDORA,BALANCE_ACTIVO,B) Activo corriente / IV. Inversiones en empresas del grupo y asociadas a corto plazo / 1. Instrumentos de patrimonio,,0,1,1,B) Activo corriente / III. Inversiones en empresas del grupo y asociadas a corto plazo / 1. Instrumentos de patrimonio,INVERSION
5934,Deterioro de valor de participaciones a corto plazo en empresas asociadas,4,593,5,ACREEDORA,BALANCE_ACTIVO,B) Activo corriente / IV. Inversiones en empresas del grupo y asociadas a corto plazo / 1. Instrumentos de patrimonio,,0,1,1,B) Activo corriente / III. Inversiones en empresas del grupo y asociadas a corto plazo / 1. Instrumentos de patrimonio,INVERSION
5935,Deterioro de valor de participaciones a corto plazo en otras partes vinculadas,4,593,5,ACREEDORA,BALANCE_ACTIVO,B) Activo corriente / V. Inversiones financieras a corto plazo / 1. Instrumentos de patrimonio,,0,1,1,B) Activo corriente / IV. Inversiones financieras a corto plazo / 1. Instrumentos de patrimonio,INVERSION
594,Deterioro de valor de valores representativos de deuda a corto plazo de partes vinculadas,3,59,5,ACREEDORA,BALANCE_ACTIVO,B) Activo corriente / IV. Inversiones en empresas del grupo y asociadas a corto plazo / 3. Valores representativos de deuda,,0,1,1,B) Activo corriente / III. Inversiones en empresas del grupo y asociadas a corto plazo / 3. Valores representativos de deuda,INVERSION
5943,Deterioro de valor de valores representativos de deuda a corto plazo de empresas del grupo,4,594,5,ACREEDORA,BALANCE_ACTIVO,B) Activo corriente / IV. Inversiones en empresas del grupo y asociadas a corto plazo / 3. Valores representativos de deuda,,0,1,1,B) Activo corriente / III. Inversiones en empresas del grupo y asociadas a corto plazo / 3. Valores representativos de deuda,INVERSION
5944,Deterioro de valor de valores representativos de deuda a corto plazo de empresas asociadas,4,594,5,ACREEDORA,BALANCE_ACTIVO,B) Activo corriente / IV. Inversiones en empresas del grupo y asociadas a corto plazo / 3. Valores representativos de deuda,,0,1,1,B) Activo corriente / III. Inversiones en empresas del grupo y asociadas a corto plazo / 3. Valores representativos de deuda,INVERSION
5945,Deterioro de valor de valores representativos de deuda a corto plazo de otras partes vinculadas,4,594,5,ACREEDORA,BALANCE_ACTIVO,B) Activo corriente / V. Inversiones financieras a corto plazo / 3. Valores representativos de deuda,,0,1,1,B) Activo corriente / IV. Inversiones financieras a corto plazo / 3. Valores representativos de deuda,INVERSION
595,Deterioro de valor de créditos a corto plazo a partes vinculadas,3,59,5,ACREEDORA,BALANCE_ACTIVO,B) Activo corriente / IV. Inversiones en empresas del grupo y asociadas a corto plazo / 2. Créditos a empresas,,0,1,1,B) Activo corriente / III. Inversiones en empresas del grupo y asociadas a corto plazo / 2. Créditos a empresas,INVERSION
5953,Deterioro de valor de créditos a corto plazo a empresas del grupo,4,595,5,ACREEDORA,BALANCE_ACTIVO,B) Activo corriente / IV. Inversiones en empresas del grupo y asociadas a corto plazo / 2. Créditos a empresas,,0,1,1,B) Activo corriente / III. Inversiones en empresas del grupo y asociadas a corto plazo / 2. Créditos a empresas,INVERSION
5954,Deterioro de valor de créditos a corto plazo a empresas asociadas,4,595,5,ACREEDORA,BALANCE_ACTIVO,B) Activo corriente / IV. Inversiones en empresas del grupo y asociadas a corto plazo / 2. Créditos a empresas,,0,1,1,B) Activo corriente / III. Inversiones en empresas del grupo y asociadas a corto plazo / 2. Créditos a empresas,INVERSION
5955,Deterioro de valor de créditos a corto plazo a otras partes vinculadas,4,595,5,ACREEDORA,BALANCE_ACTIVO,B) Activo corriente / V. Inversiones financieras a corto plazo / 2. Créditos a empresas,,0,1,1,B) Activo corriente / IV. Inversiones financieras a corto plazo / 2. Créditos a empresas,INVERSION
596,Deterioro de valor de participaciones a corto plazo,3,59,5,ACREEDORA,BALANCE_ACTIVO,B) Activo corriente / V. Inversiones financieras a corto plazo / 1. Instrumentos de patrimonio,,0,1,1,B) Activo corriente / IV. Inversiones financieras a corto plazo / 1. Instrumentos de patrimonio,INVERSION
597,Deterioro de valor de valores representativos de deuda a corto plazo,3,59,5,ACREEDORA,BALANCE_ACTIVO,B) Activo corriente / V. Inversiones financieras a corto plazo / 3. Valores representativos de deuda,,0,1,1,B) Activo corriente / IV. Inversiones financieras a corto plazo / 3. Valores representativos de deuda,INVERSION
598,Deterioro de valor de créditos a corto plazo,3,59,5,ACREEDORA,BALANCE_ACTIVO,B) Activo corriente / V. Inversiones financieras a corto plazo / 2. Créditos a empresas,,0,1,1,B) Activo corriente / IV. Inversiones financieras a corto plazo / 2. Créditos a empresas,INVERSION
599,Deterioro de valor de activos no corrientes mantenidos para la venta,3,59,5,ACREEDORA,BALANCE_ACTIVO,B) Activo corriente / I. Activos no corrientes mantenidos para la venta,,0,1,0,,INVERSION
5990,Deterioro de valor de inmovilizado no corriente mantenido para la venta,4,599,5,ACREEDORA,BALANCE_ACTIVO,B) Activo corriente / I. Activos no corrientes mantenidos para la venta,,0,1,0,,INVERSION
5991,Deterioro de valor de inversiones con personas y entidades vinculadas no corrientes mantenidas para la venta,4,599,5,ACREEDORA,BALANCE_ACTIVO,B) Activo corriente / I. Activos no corrientes mantenidos para la venta,,0,1,0,,INVERSION
5992,Deterioro de valor de inversiones financieras no corrientes mantenidas para la venta,4,599,5,ACREEDORA,BALANCE_ACTIVO,B) Activo corriente / I. Activos no corrientes mantenidos para la venta,,0,1,0,,INVERSION
5993,"Deterioro de valor de existencias, deudores comerciales y otras cuentas a cobrar integrados en un grupo enajenable mantenido para la venta",4,599,5,ACREEDORA,BALANCE_ACTIVO,B) Activo corriente / I. Activos no corrientes mantenidos para la venta,,0,1,0,,INVERSION
5994,Deterioro de valor de otros activos mantenidos para la venta,4,599,5,ACREEDORA,BALANCE_ACTIVO,B) Activo corriente / I. Activos no corrientes mantenidos para la venta,,0,1,0,,INVERSION
6,Compras y gastos,1,,6,DEUDORA,PYG,,,0,0,1,,OTROS_EXPLOTACION
60,Compras,2,6,6,DEUDORA,PYG,4. Aprovisionamientos,COSTE_DIRECTO_MC1,0,0,1,4. Aprovisionamientos,OTROS_EXPLOTACION
600,Compras de mercaderías,3,60,6,DEUDORA,PYG,4. Aprovisionamientos / a) Consumo de mercaderías,COSTE_DIRECTO_MC1,0,0,1,4. Aprovisionamientos / a) Consumo de mercaderías,OTROS_EXPLOTACION
601,Compras de materias primas,3,60,6,DEUDORA,PYG,4. Aprovisionamientos / b) Consumo de materias primas y otras materias consumibles,COSTE_DIRECTO_MC1,0,0,1,4. Aprovisionamientos / b) Consumo de materias primas y otras materias consumibles,OTROS_EXPLOTACION
602,Compras de otros aprovisionamientos,3,60,6,DEUDORA,PYG,4. Aprovisionamientos / b) Consumo de materias primas y otras materias consumibles,COSTE_DIRECTO_MC1,0,0,1,4. Aprovisionamientos / b) Consumo de materias primas y otras materias consumibles,OTROS_EXPLOTACION
606,Descuentos sobre compras por pronto pago,3,60,6,ACREEDORA,PYG,4. Aprovisionamientos,COSTE_DIRECTO_MC1,0,1,1,4. Aprovisionamientos,OTROS_EXPLOTACION
6060,Descuentos sobre compras por pronto pago de mercaderías,4,606,6,ACREEDORA,PYG,4. Aprovisionamientos / a) Consumo de mercaderías,COSTE_DIRECTO_MC1,0,1,1,4. Aprovisionamientos / a) Consumo de mercaderías,OTROS_EXPLOTACION
6061,Descuentos sobre compras por pronto pago de materias primas,4,606,6,ACREEDORA,PYG,4. Aprovisionamientos / b) Consumo de materias primas y otras materias consumibles,COSTE_DIRECTO_MC1,0,1,1,4. Aprovisionamientos / b) Consumo de materias primas y otras materias consumibles,OTROS_EXPLOTACION
6062,Descuentos sobre compras por pronto pago de otros aprovisionamientos,4,606,6,ACREEDORA,PYG,4. Aprovisionamientos / b) Consumo de materias primas y otras materias consumibles,COSTE_DIRECTO_MC1,0,1,1,4. Aprovisionamientos / b) Consumo de materias primas y otras materias consumibles,OTROS_EXPLOTACION
607,Trabajos realizados por otras empresas,3,60,6,DEUDORA,PYG,4. Aprovisionamientos / c) Trabajos realizados por otras empresas,COSTE_DIRECTO_MC1,0,0,1,4. Aprovisionamientos / c) Trabajos realizados por otras empresas,OTROS_EXPLOTACION
608,Devoluciones de compras y operaciones similares,3,60,6,ACREEDORA,PYG,4. Aprovisionamientos,COSTE_DIRECTO_MC1,0,1,1,4. Aprovisionamientos,OTROS_EXPLOTACION
6080,Devoluciones de compras de mercaderías,4,608,6,ACREEDORA,PYG,4. Aprovisionamientos / a) Consumo de mercaderías,COSTE_DIRECTO_MC1,0,1,1,4. Aprovisionamientos / a) Consumo de mercaderías,OTROS_EXPLOTACION
6081,Devoluciones de compras de materias primas,4,608,6,ACREEDORA,PYG,4. Aprovisionamientos / b) Consumo de materias primas y otras materias consumibles,COSTE_DIRECTO_MC1,0,1,1,4. Aprovisionamientos / b) Consumo de materias primas y otras materias consumibles,OTROS_EXPLOTACION
6082,Devoluciones de compras de otros aprovisionamientos,4,608,6,ACREEDORA,PYG,4. Aprovisionamientos / b) Consumo de materias primas y otras materias consumibles,COSTE_DIRECTO_MC1,0,1,1,4. Aprovisionamientos / b) Consumo de materias primas y otras materias consumibles,OTROS_EXPLOTACION
609,«Rappels» por compras,3,60,6,ACREEDORA,PYG,4. Aprovisionamientos,COSTE_DIRECTO_MC1,0,1,1,4. Aprovisionamientos,OTROS_EXPLOTACION
6090,«Rappels» por compras de mercaderías,4,609,6,ACREEDORA,PYG,4. Aprovisionamientos / a) Consumo de mercaderías,COSTE_DIRECTO_MC1,0,1,1,4. Aprovisionamientos / a) Consumo de mercaderías,OTROS_EXPLOTACION
6091,«Rappels» por compras de materias primas,4,609,6,ACREEDORA,PYG,4. Aprovisionamientos / b) Consumo de materias primas y otras materias consumibles,COSTE_DIRECTO_MC1,0,1,1,4. Aprovisionamientos / b) Consumo de materias primas y otras materias consumibles,OTROS_EXPLOTACION
6092,«Rappels» por compras de otros aprovisionamientos,4,609,6,ACREEDORA,PYG,4. Aprovisionamientos / b) Consumo de materias primas y otras materias consumibles,COSTE_DIRECTO_MC1,0,1,1,4. Aprovisionamientos / b) Consumo de materias primas y otras materias consumibles,OTROS_EXPLOTACION
61,Variación de existencias,2,6,6,DEUDORA,PYG,4. Aprovisionamientos,COSTE_DIRECTO_MC1,0,0,1,4. Aprovisionamientos,OTROS_EXPLOTACION
610,Variación de existencias de mercaderías,3,61,6,DEUDORA,PYG,4. Aprovisionamientos / a) Consumo de mercaderías,COSTE_DIRECTO_MC1,0,0,1,4. Aprovisionamientos / a) Consumo de mercaderías,OTROS_EXPLOTACION
611,Variación de existencias de materias primas,3,61,6,DEUDORA,PYG,4. Aprovisionamientos / b) Consumo de materias primas y otras materias consumibles,COSTE_DIRECTO_MC1,0,0,1,4. Aprovisionamientos / b) Consumo de materias primas y otras materias consumibles,OTROS_EXPLOTACION
612,Variación de existencias de otros aprovisionamientos,3,61,6,DEUDORA,PYG,4. Aprovisionamientos / b) Consumo de materias primas y otras materias consumibles,COSTE_DIRECTO_MC1,0,0,1,4. Aprovisionamientos / b) Consumo de materias primas y otras materias consumibles,OTROS_EXPLOTACION
62,Servicios exteriores,2,6,6,DEUDORA,PYG,7. Otros gastos de explotación / a) Servicios exteriores,INDIRECTO_CECO,0,0,1,7. Otros gastos de explotación / a) Servicios exteriores,OTROS_EXPLOTACION
620,Gastos en investigación y desarrollo del ejercicio,3,62,6,DEUDORA,PYG,7. Otros gastos de explotación / a) Servicios exteriores,INDIRECTO_CECO,0,0,1,7. Otros gastos de explotación / a) Servicios exteriores,OTROS_EXPLOTACION
621,Arrendamientos y cánones,3,62,6,DEUDORA,PYG,7. Otros gastos de explotación / a) Servicios exteriores,INDIRECTO_CECO,0,0,1,7. Otros gastos de explotación / a) Servicios exteriores,OTROS_EXPLOTACION
622,Reparaciones y conservación,3,62,6,DEUDORA,PYG,7. Otros gastos de explotación / a) Servicios exteriores,INDIRECTO_CECO,0,0,1,7. Otros gastos de explotación / a) Servicios exteriores,OTROS_EXPLOTACION
623,Servicios de profesionales independientes,3,62,6,DEUDORA,PYG,7. Otros gastos de explotación / a) Servicios exteriores,INDIRECTO_CECO,0,0,1,7. Otros gastos de explotación / a) Servicios exteriores,OTROS_EXPLOTACION
624,Transportes,3,62,6,DEUDORA,PYG,7. Otros gastos de explotación / a) Servicios exteriores,INDIRECTO_CECO,0,0,1,7. Otros gastos de explotación / a) Servicios exteriores,OTROS_EXPLOTACION
625,Primas de seguros,3,62,6,DEUDORA,PYG,7. Otros gastos de explotación / a) Servicios exteriores,INDIRECTO_CECO,0,0,1,7. Otros gastos de explotación / a) Servicios exteriores,OTROS_EXPLOTACION
626,Servicios bancarios y similares,3,62,6,DEUDORA,PYG,7. Otros gastos de explotación / a) Servicios exteriores,INDIRECTO_CECO,0,0,1,7. Otros gastos de explotación / a) Servicios exteriores,OTROS_EXPLOTACION
627,"Publicidad, propaganda y relaciones públicas",3,62,6,DEUDORA,PYG,7. Otros gastos de explotación / a) Servicios exteriores,INDIRECTO_CECO,0,0,1,7. Otros gastos de explotación / a) Servicios exteriores,OTROS_EXPLOTACION
628,Suministros,3,62,6,DEUDORA,PYG,7. Otros gastos de explotación / a) Servicios exteriores,INDIRECTO_CECO,0,0,1,7. Otros gastos de explotación / a) Servicios exteriores,OTROS_EXPLOTACION
629,Otros servicios,3,62,6,DEUDORA,PYG,7. Otros gastos de explotación / a) Servicios exteriores,INDIRECTO_CECO,0,0,1,7. Otros gastos de explotación / a) Servicios exteriores,OTROS_EXPLOTACION
63,Tributos,2,6,6,DEUDORA,PYG,7. Otros gastos de explotación / b) Tributos,INDIRECTO_CECO,0,0,1,7. Otros gastos de explotación / b) Tributos,OTROS_EXPLOTACION
630,Impuesto sobre beneficios,3,63,6,DEUDORA,PYG,20. Impuestos sobre beneficios,NO_ANALITICO,0,0,1,19. Impuestos sobre beneficios,OTROS_EXPLOTACION
6300,Impuesto corriente,4,630,6,DEUDORA,PYG,20. Impuestos sobre beneficios,NO_ANALITICO,0,0,1,19. Impuestos sobre beneficios,OTROS_EXPLOTACION
6301,Impuesto diferido,4,630,6,DEUDORA,PYG,20. Impuestos sobre beneficios,NO_ANALITICO,0,0,1,19. Impuestos sobre beneficios,OTROS_EXPLOTACION
631,Otros tributos,3,63,6,DEUDORA,PYG,7. Otros gastos de explotación / b) Tributos,INDIRECTO_CECO,0,0,1,7. Otros gastos de explotación / b) Tributos,OTROS_EXPLOTACION
633,Ajustes negativos en la imposición sobre beneficios,3,63,6,DEUDORA,PYG,20. Impuestos sobre beneficios,NO_ANALITICO,0,0,1,19. Impuestos sobre beneficios,OTROS_EXPLOTACION
634,Ajustes negativos en la imposición indirecta,3,63,6,DEUDORA,PYG,7. Otros gastos de explotación / b) Tributos,INDIRECTO_CECO,0,0,1,7. Otros gastos de explotación / b) Tributos,OTROS_EXPLOTACION
6341,Ajustes negativos en IVA de activo corriente,4,634,6,DEUDORA,PYG,7. Otros gastos de explotación / b) Tributos,INDIRECTO_CECO,0,0,1,7. Otros gastos de explotación / b) Tributos,OTROS_EXPLOTACION
6342,Ajustes negativos en IVA de inversiones,4,634,6,DEUDORA,PYG,7. Otros gastos de explotación / b) Tributos,INDIRECTO_CECO,0,0,1,7. Otros gastos de explotación / b) Tributos,OTROS_EXPLOTACION
636,Devolución de impuestos,3,63,6,ACREEDORA,PYG,7. Otros gastos de explotación / b) Tributos,INDIRECTO_CECO,0,1,1,7. Otros gastos de explotación / b) Tributos,OTROS_EXPLOTACION
638,Ajustes positivos en la imposición sobre beneficios,3,63,6,ACREEDORA,PYG,20. Impuestos sobre beneficios,NO_ANALITICO,0,1,1,19. Impuestos sobre beneficios,OTROS_EXPLOTACION
639,Ajustes positivos en la imposición indirecta,3,63,6,ACREEDORA,PYG,7. Otros gastos de explotación / b) Tributos,INDIRECTO_CECO,0,1,1,7. Otros gastos de explotación / b) Tributos,OTROS_EXPLOTACION
6391,Ajustes positivos en IVA de activo corriente,4,639,6,ACREEDORA,PYG,7. Otros gastos de explotación / b) Tributos,INDIRECTO_CECO,0,1,1,7. Otros gastos de explotación / b) Tributos,OTROS_EXPLOTACION
6392,Ajustes positivos en IVA de inversiones,4,639,6,ACREEDORA,PYG,7. Otros gastos de explotación / b) Tributos,INDIRECTO_CECO,0,1,1,7. Otros gastos de explotación / b) Tributos,OTROS_EXPLOTACION
64,Gastos de personal,2,6,6,DEUDORA,PYG,6. Gastos de personal,COSTE_DIRECTO_MC2,0,0,1,6. Gastos de personal,OTROS_EXPLOTACION
640,Sueldos y salarios,3,64,6,DEUDORA,PYG,"6. Gastos de personal / a) Sueldos, salarios y asimilados",COSTE_DIRECTO_MC2,0,0,1,"6. Gastos de personal / a) Sueldos, salarios y asimilados",OTROS_EXPLOTACION
641,Indemnizaciones,3,64,6,DEUDORA,PYG,"6. Gastos de personal / a) Sueldos, salarios y asimilados",COSTE_DIRECTO_MC2,0,0,1,"6. Gastos de personal / a) Sueldos, salarios y asimilados",OTROS_EXPLOTACION
642,Seguridad Social a cargo de la empresa,3,64,6,DEUDORA,PYG,6. Gastos de personal / b) Cargas sociales,COSTE_DIRECTO_MC2,0,0,1,6. Gastos de personal / b) Cargas sociales,OTROS_EXPLOTACION
643,Retribuciones a largo plazo mediante sistemas de aportación definida,3,64,6,DEUDORA,PYG,6. Gastos de personal / b) Cargas sociales,COSTE_DIRECTO_MC2,0,0,0,,OTROS_EXPLOTACION
644,Retribuciones a largo plazo mediante sistemas de prestación definida,3,64,6,DEUDORA,PYG,6. Gastos de personal / c) Provisiones,COSTE_DIRECTO_MC2,0,0,0,,OTROS_EXPLOTACION
6440,Contribuciones anuales,4,644,6,DEUDORA,PYG,6. Gastos de personal / c) Provisiones,COSTE_DIRECTO_MC2,0,0,0,,OTROS_EXPLOTACION
6442,Otros costes,4,644,6,DEUDORA,PYG,6. Gastos de personal / c) Provisiones,COSTE_DIRECTO_MC2,0,0,0,,OTROS_EXPLOTACION
645,Retribuciones al personal mediante instrumentos de patrimonio,3,64,6,DEUDORA,PYG,6. Gastos de personal,COSTE_DIRECTO_MC2,0,0,0,,OTROS_EXPLOTACION
6450,Retribuciones al personal liquidados con instrumentos de patrimonio,4,645,6,DEUDORA,PYG,"6. Gastos de personal / a) Sueldos, salarios y asimilados",COSTE_DIRECTO_MC2,0,0,0,,OTROS_EXPLOTACION
6457,Retribuciones al personal liquidados en efectivo basado en instrumentos de patrimonio,4,645,6,DEUDORA,PYG,6. Gastos de personal / c) Provisiones,COSTE_DIRECTO_MC2,0,0,0,,OTROS_EXPLOTACION
649,Otros gastos sociales,3,64,6,DEUDORA,PYG,6. Gastos de personal / b) Cargas sociales,COSTE_DIRECTO_MC2,0,0,1,6. Gastos de personal / b) Cargas sociales,OTROS_EXPLOTACION
65,Otros gastos de gestión,2,6,6,DEUDORA,PYG,7. Otros gastos de explotación,INDIRECTO_CECO,0,0,1,7. Otros gastos de explotación,OTROS_EXPLOTACION
650,Pérdidas de créditos comerciales incobrables,3,65,6,DEUDORA,PYG,"7. Otros gastos de explotación / c) Pérdidas, deterioro y variación de provisiones por operaciones comerciales",INDIRECTO_CECO,0,0,1,"7. Otros gastos de explotación / c) Pérdidas, deterioro y variación de provisiones por operaciones comerciales",OTROS_EXPLOTACION
651,Resultados de operaciones en común,3,65,6,DEUDORA,PYG,7. Otros gastos de explotación / d) Otros gastos de gestión corriente,INDIRECTO_CECO,0,0,1,7. Otros gastos de explotación / d) Otros gastos de gestión corriente,OTROS_EXPLOTACION
6510,Beneficio transferido (gestor),4,651,6,DEUDORA,PYG,7. Otros gastos de explotación / d) Otros gastos de gestión corriente,INDIRECTO_CECO,0,0,1,7. Otros gastos de explotación / d) Otros gastos de gestión corriente,OTROS_EXPLOTACION
6511,Pérdida soportada (partícipe o asociado no gestor),4,651,6,DEUDORA,PYG,7. Otros gastos de explotación / d) Otros gastos de gestión corriente,INDIRECTO_CECO,0,0,1,7. Otros gastos de explotación / d) Otros gastos de gestión corriente,OTROS_EXPLOTACION
659,Otras pérdidas en gestión corriente,3,65,6,DEUDORA,PYG,7. Otros gastos de explotación / d) Otros gastos de gestión corriente,INDIRECTO_CECO,0,0,1,7. Otros gastos de explotación / d) Otros gastos de gestión corriente,OTROS_EXPLOTACION
66,Gastos financieros,2,6,6,DEUDORA,PYG,15. Gastos financieros,FINANCIERO,0,0,1,14. Gastos financieros,OTROS_EXPLOTACION
660,Gastos financieros por actualización de provisiones,3,66,6,DEUDORA,PYG,15. Gastos financieros / c) Por actualización de provisiones,FINANCIERO,0,0,1,14. Gastos financieros / c) Por actualización de provisiones,OTROS_EXPLOTACION
661,Intereses de obligaciones y bonos,3,66,6,DEUDORA,PYG,15. Gastos financieros,FINANCIERO,0,0,1,14. Gastos financieros,OTROS_EXPLOTACION
6610,"Intereses de obligaciones y bonos a largo plazo, empresas del grupo",4,661,6,DEUDORA,PYG,15. Gastos financieros / a) Por deudas con empresas del grupo y asociadas,FINANCIERO,0,0,1,14. Gastos financieros / a) Por deudas con empresas del grupo y asociadas,OTROS_EXPLOTACION
6611,"Intereses de obligaciones y bonos a largo plazo, empresas asociadas",4,661,6,DEUDORA,PYG,15. Gastos financieros / a) Por deudas con empresas del grupo y asociadas,FINANCIERO,0,0,1,14. Gastos financieros / a) Por deudas con empresas del grupo y asociadas,OTROS_EXPLOTACION
6612,"Intereses de obligaciones y bonos a largo plazo, otras partes vinculadas",4,661,6,DEUDORA,PYG,15. Gastos financieros / b) Por deudas con terceros,FINANCIERO,0,0,1,14. Gastos financieros / b) Por deudas con terceros,OTROS_EXPLOTACION
6613,"Intereses de obligaciones y bonos a largo plazo, otras empresas",4,661,6,DEUDORA,PYG,15. Gastos financieros / b) Por deudas con terceros,FINANCIERO,0,0,1,14. Gastos financieros / b) Por deudas con terceros,OTROS_EXPLOTACION
6615,"Intereses de obligaciones y bonos a corto plazo, empresas del grupo",4,661,6,DEUDORA,PYG,15. Gastos financieros / a) Por deudas con empresas del grupo y asociadas,FINANCIERO,0,0,1,14. Gastos financieros / a) Por deudas con empresas del grupo y asociadas,OTROS_EXPLOTACION
6616,"Intereses de obligaciones y bonos a corto plazo, empresas asociadas",4,661,6,DEUDORA,PYG,15. Gastos financieros / a) Por deudas con empresas del grupo y asociadas,FINANCIERO,0,0,1,14. Gastos financieros / a) Por deudas con empresas del grupo y asociadas,OTROS_EXPLOTACION
6617,"Intereses de obligaciones y bonos a corto plazo, otras partes vinculadas",4,661,6,DEUDORA,PYG,15. Gastos financieros / b) Por deudas con terceros,FINANCIERO,0,0,1,14. Gastos financieros / b) Por deudas con terceros,OTROS_EXPLOTACION
6618,"Intereses de obligaciones y bonos a corto plazo, otras empresas",4,661,6,DEUDORA,PYG,15. Gastos financieros / b) Por deudas con terceros,FINANCIERO,0,0,1,14. Gastos financieros / b) Por deudas con terceros,OTROS_EXPLOTACION
662,Intereses de deudas,3,66,6,DEUDORA,PYG,15. Gastos financieros,FINANCIERO,0,0,1,14. Gastos financieros,OTROS_EXPLOTACION
6620,"Intereses de deudas, empresas del grupo",4,662,6,DEUDORA,PYG,15. Gastos financieros / a) Por deudas con empresas del grupo y asociadas,FINANCIERO,0,0,1,14. Gastos financieros / a) Por deudas con empresas del grupo y asociadas,OTROS_EXPLOTACION
6621,"Intereses de deudas, empresas asociadas",4,662,6,DEUDORA,PYG,15. Gastos financieros / a) Por deudas con empresas del grupo y asociadas,FINANCIERO,0,0,1,14. Gastos financieros / a) Por deudas con empresas del grupo y asociadas,OTROS_EXPLOTACION
6622,"Intereses de deudas, otras partes vinculadas",4,662,6,DEUDORA,PYG,15. Gastos financieros / b) Por deudas con terceros,FINANCIERO,0,0,1,14. Gastos financieros / b) Por deudas con terceros,OTROS_EXPLOTACION
6623,Intereses de deudas con entidades de crédito,4,662,6,DEUDORA,PYG,15. Gastos financieros / b) Por deudas con terceros,FINANCIERO,0,0,1,14. Gastos financieros / b) Por deudas con terceros,OTROS_EXPLOTACION
6624,"Intereses de deudas, otras empresas",4,662,6,DEUDORA,PYG,15. Gastos financieros / b) Por deudas con terceros,FINANCIERO,0,0,1,14. Gastos financieros / b) Por deudas con terceros,OTROS_EXPLOTACION
663,Pérdidas por valoración de instrumentos financieros por su valor razonable,3,66,6,DEUDORA,PYG,16. Variación de valor razonable en instrumentos financieros / a) Cartera de negociación y otros,FINANCIERO,0,0,1,15. Variación de valor razonable en instrumentos financieros / a) Cartera de negociación y otros,OTROS_EXPLOTACION
6630,Pérdidas de cartera de negociación,4,663,6,DEUDORA,PYG,16. Variación de valor razonable en instrumentos financieros / a) Cartera de negociación y otros,FINANCIERO,0,0,1,15. Variación de valor razonable en instrumentos financieros / a) Cartera de negociación y otros,OTROS_EXPLOTACION
6631,Pérdidas de designados por la empresa,4,663,6,DEUDORA,PYG,16. Variación de valor razonable en instrumentos financieros / a) Cartera de negociación y otros,FINANCIERO,0,0,1,15. Variación de valor razonable en instrumentos financieros / a) Cartera de negociación y otros,OTROS_EXPLOTACION
6632,Pérdidas de activos financieros a valor razonable con cambios en el patrimonio neto,4,663,6,DEUDORA,PYG,16. Variación de valor razonable en instrumentos financieros / b) Imputación al resultado del ejercicio por activos financieros a valor razonable con cambios en el patrimonio neto,FINANCIERO,0,0,0,,OTROS_EXPLOTACION
6633,Pérdidas de instrumentos de cobertura,4,663,6,DEUDORA,PYG,16. Variación de valor razonable en instrumentos financieros / a) Cartera de negociación y otros,FINANCIERO,0,0,1,15. Variación de valor razonable en instrumentos financieros / a) Cartera de negociación y otros,OTROS_EXPLOTACION
664,Gastos por dividendos de acciones o participaciones consideradas como pasivos financieros,3,66,6,DEUDORA,PYG,15. Gastos financieros,FINANCIERO,0,0,1,14. Gastos financieros,OTROS_EXPLOTACION
6640,"Dividendos de pasivos, empresas del grupo",4,664,6,DEUDORA,PYG,15. Gastos financieros / a) Por deudas con empresas del grupo y asociadas,FINANCIERO,0,0,1,14. Gastos financieros / a) Por deudas con empresas del grupo y asociadas,OTROS_EXPLOTACION
6641,"Dividendos de pasivos, empresas asociadas",4,664,6,DEUDORA,PYG,15. Gastos financieros / a) Por deudas con empresas del grupo y asociadas,FINANCIERO,0,0,1,14. Gastos financieros / a) Por deudas con empresas del grupo y asociadas,OTROS_EXPLOTACION
6642,"Dividendos de pasivos, otras partes vinculadas",4,664,6,DEUDORA,PYG,15. Gastos financieros / b) Por deudas con terceros,FINANCIERO,0,0,1,14. Gastos financieros / b) Por deudas con terceros,OTROS_EXPLOTACION
6643,"Dividendos de pasivos, otras empresas",4,664,6,DEUDORA,PYG,15. Gastos financieros / b) Por deudas con terceros,FINANCIERO,0,0,1,14. Gastos financieros / b) Por deudas con terceros,OTROS_EXPLOTACION
665,Intereses por descuento de efectos y operaciones de «factoring»,3,66,6,DEUDORA,PYG,15. Gastos financieros,FINANCIERO,0,0,1,14. Gastos financieros,OTROS_EXPLOTACION
6650,Intereses por descuento de efectos en entidades de crédito del grupo,4,665,6,DEUDORA,PYG,15. Gastos financieros / a) Por deudas con empresas del grupo y asociadas,FINANCIERO,0,0,1,14. Gastos financieros / a) Por deudas con empresas del grupo y asociadas,OTROS_EXPLOTACION
6651,Intereses por descuento de efectos en entidades de crédito asociadas,4,665,6,DEUDORA,PYG,15. Gastos financieros / a) Por deudas con empresas del grupo y asociadas,FINANCIERO,0,0,1,14. Gastos financieros / a) Por deudas con empresas del grupo y asociadas,OTROS_EXPLOTACION
6652,Intereses por descuento de efectos en otras entidades de crédito vinculadas,4,665,6,DEUDORA,PYG,15. Gastos financieros / b) Por deudas con terceros,FINANCIERO,0,0,1,14. Gastos financieros / b) Por deudas con terceros,OTROS_EXPLOTACION
6653,Intereses por descuento de efectos en otras entidades de crédito,4,665,6,DEUDORA,PYG,15. Gastos financieros / b) Por deudas con terceros,FINANCIERO,0,0,1,14. Gastos financieros / b) Por deudas con terceros,OTROS_EXPLOTACION
6654,Intereses por operaciones de «factoring» con entidades de crédito del grupo,4,665,6,DEUDORA,PYG,15. Gastos financieros / a) Por deudas con empresas del grupo y asociadas,FINANCIERO,0,0,1,14. Gastos financieros / a) Por deudas con empresas del grupo y asociadas,OTROS_EXPLOTACION
6655,Intereses por operaciones de «factoring» con entidades de crédito asociadas,4,665,6,DEUDORA,PYG,15. Gastos financieros / a) Por deudas con empresas del grupo y asociadas,FINANCIERO,0,0,1,14. Gastos financieros / a) Por deudas con empresas del grupo y asociadas,OTROS_EXPLOTACION
6656,Intereses por operaciones de «factoring» con otras entidades de crédito vinculadas,4,665,6,DEUDORA,PYG,15. Gastos financieros / b) Por deudas con terceros,FINANCIERO,0,0,1,14. Gastos financieros / b) Por deudas con terceros,OTROS_EXPLOTACION
6657,Intereses por operaciones de «factoring» con otras entidades de crédito,4,665,6,DEUDORA,PYG,15. Gastos financieros / b) Por deudas con terceros,FINANCIERO,0,0,1,14. Gastos financieros / b) Por deudas con terceros,OTROS_EXPLOTACION
666,Pérdidas en participaciones y valores representativos de deuda,3,66,6,DEUDORA,PYG,18. Deterioro y resultado por enajenaciones de instrumentos financieros / b) Resultados por enajenaciones y otras,FINANCIERO,0,0,1,17. Deterioro y resultado por enajenaciones de instrumentos financieros / b) Resultados por enajenaciones y otras,OTROS_EXPLOTACION
6660,"Pérdidas en valores representativos de deuda a largo plazo, empresas del grupo",4,666,6,DEUDORA,PYG,18. Deterioro y resultado por enajenaciones de instrumentos financieros / b) Resultados por enajenaciones y otras,FINANCIERO,0,0,1,17. Deterioro y resultado por enajenaciones de instrumentos financieros / b) Resultados por enajenaciones y otras,OTROS_EXPLOTACION
6661,"Pérdidas en valores representativos de deuda a largo plazo, empresas asociadas",4,666,6,DEUDORA,PYG,18. Deterioro y resultado por enajenaciones de instrumentos financieros / b) Resultados por enajenaciones y otras,FINANCIERO,0,0,1,17. Deterioro y resultado por enajenaciones de instrumentos financieros / b) Resultados por enajenaciones y otras,OTROS_EXPLOTACION
6662,"Pérdidas en valores representativos de deuda a largo plazo, otras partes vinculadas",4,666,6,DEUDORA,PYG,18. Deterioro y resultado por enajenaciones de instrumentos financieros / b) Resultados por enajenaciones y otras,FINANCIERO,0,0,1,17. Deterioro y resultado por enajenaciones de instrumentos financieros / b) Resultados por enajenaciones y otras,OTROS_EXPLOTACION
6663,"Pérdidas en participaciones y valores representativos de deuda a largo plazo, otras empresas",4,666,6,DEUDORA,PYG,18. Deterioro y resultado por enajenaciones de instrumentos financieros / b) Resultados por enajenaciones y otras,FINANCIERO,0,0,1,17. Deterioro y resultado por enajenaciones de instrumentos financieros / b) Resultados por enajenaciones y otras,OTROS_EXPLOTACION
6665,"Pérdidas en participaciones y valores representativos de deuda a corto plazo, empresas del grupo",4,666,6,DEUDORA,PYG,18. Deterioro y resultado por enajenaciones de instrumentos financieros / b) Resultados por enajenaciones y otras,FINANCIERO,0,0,1,17. Deterioro y resultado por enajenaciones de instrumentos financieros / b) Resultados por enajenaciones y otras,OTROS_EXPLOTACION
6666,"Pérdidas en participaciones y valores representativos de deuda a corto plazo, empresas asociadas",4,666,6,DEUDORA,PYG,18. Deterioro y resultado por enajenaciones de instrumentos financieros / b) Resultados por enajenaciones y otras,FINANCIERO,0,0,1,17. Deterioro y resultado por enajenaciones de instrumentos financieros / b) Resultados por enajenaciones y otras,OTROS_EXPLOTACION
6667,"Pérdidas en valores representativos de deuda a corto plazo, otras partes vinculadas",4,666,6,DEUDORA,PYG,18. Deterioro y resultado por enajenaciones de instrumentos financieros / b) Resultados por enajenaciones y otras,FINANCIERO,0,0,1,17. Deterioro y resultado por enajenaciones de instrumentos financieros / b) Resultados por enajenaciones y otras,OTROS_EXPLOTACION
6668,"Pérdidas en valores representativos de deuda a corto plazo, otras empresas",4,666,6,DEUDORA,PYG,18. Deterioro y resultado por enajenaciones de instrumentos financieros / b) Resultados por enajenaciones y otras,FINANCIERO,0,0,1,17. Deterioro y resultado por enajenaciones de instrumentos financieros / b) Resultados por enajenaciones y otras,OTROS_EXPLOTACION
667,Pérdidas de créditos no comerciales,3,66,6,DEUDORA,PYG,18. Deterioro y resultado por enajenaciones de instrumentos financieros / b) Resultados por enajenaciones y otras,FINANCIERO,0,0,1,17. Deterioro y resultado por enajenaciones de instrumentos financieros / b) Resultados por enajenaciones y otras,OTROS_EXPLOTACION
6670,"Pérdidas de créditos a largo plazo, empresas del grupo",4,667,6,DEUDORA,PYG,18. Deterioro y resultado por enajenaciones de instrumentos financieros / b) Resultados por enajenaciones y otras,FINANCIERO,0,0,1,17. Deterioro y resultado por enajenaciones de instrumentos financieros / b) Resultados por enajenaciones y otras,OTROS_EXPLOTACION
6671,"Pérdidas de créditos a largo plazo, empresas asociadas",4,667,6,DEUDORA,PYG,18. Deterioro y resultado por enajenaciones de instrumentos financieros / b) Resultados por enajenaciones y otras,FINANCIERO,0,0,1,17. Deterioro y resultado por enajenaciones de instrumentos financieros / b) Resultados por enajenaciones y otras,OTROS_EXPLOTACION
6672,"Pérdidas de créditos a largo plazo, otras partes vinculadas",4,667,6,DEUDORA,PYG,18. Deterioro y resultado por enajenaciones de instrumentos financieros / b) Resultados por enajenaciones y otras,FINANCIERO,0,0,1,17. Deterioro y resultado por enajenaciones de instrumentos financieros / b) Resultados por enajenaciones y otras,OTROS_EXPLOTACION
6673,"Pérdidas de créditos a largo plazo, otras empresas",4,667,6,DEUDORA,PYG,18. Deterioro y resultado por enajenaciones de instrumentos financieros / b) Resultados por enajenaciones y otras,FINANCIERO,0,0,1,17. Deterioro y resultado por enajenaciones de instrumentos financieros / b) Resultados por enajenaciones y otras,OTROS_EXPLOTACION
6675,"Pérdidas de créditos a corto plazo, empresas del grupo",4,667,6,DEUDORA,PYG,18. Deterioro y resultado por enajenaciones de instrumentos financieros / b) Resultados por enajenaciones y otras,FINANCIERO,0,0,1,17. Deterioro y resultado por enajenaciones de instrumentos financieros / b) Resultados por enajenaciones y otras,OTROS_EXPLOTACION
6676,"Pérdidas de créditos a corto plazo, empresas asociadas",4,667,6,DEUDORA,PYG,18. Deterioro y resultado por enajenaciones de instrumentos financieros / b) Resultados por enajenaciones y otras,FINANCIERO,0,0,1,17. Deterioro y resultado por enajenaciones de instrumentos financieros / b) Resultados por enajenaciones y otras,OTROS_EXPLOTACION
6677,"Pérdidas de créditos a corto plazo, otras partes vinculadas",4,667,6,DEUDORA,PYG,18. Deterioro y resultado por enajenaciones de instrumentos financieros / b) Resultados por enajenaciones y otras,FINANCIERO,0,0,1,17. Deterioro y resultado por enajenaciones de instrumentos financieros / b) Resultados por enajenaciones y otras,OTROS_EXPLOTACION
6678,"Pérdidas de créditos a corto plazo, otras empresas",4,667,6,DEUDORA,PYG,18. Deterioro y resultado por enajenaciones de instrumentos financieros / b) Resultados por enajenaciones y otras,FINANCIERO,0,0,1,17. Deterioro y resultado por enajenaciones de instrumentos financieros / b) Resultados por enajenaciones y otras,OTROS_EXPLOTACION
668,Diferencias negativas de cambio,3,66,6,DEUDORA,PYG,17. Diferencias de cambio,FINANCIERO,0,0,1,16. Diferencias de cambio,OTROS_EXPLOTACION
669,Otros gastos financieros,3,66,6,DEUDORA,PYG,15. Gastos financieros / b) Por deudas con terceros,FINANCIERO,0,0,1,14. Gastos financieros / b) Por deudas con terceros,OTROS_EXPLOTACION
67,Pérdidas procedentes de activos no corrientes y gastos excepcionales,2,6,6,DEUDORA,PYG,,AMORTIZACION_DETERIORO,0,0,1,,OTROS_EXPLOTACION
670,Pérdidas procedentes del inmovilizado intangible,3,67,6,DEUDORA,PYG,11. Deterioro y resultado por enajenaciones del inmovilizado / b) Resultados por enajenaciones y otras,AMORTIZACION_DETERIORO,0,0,1,11. Deterioro y resultado por enajenaciones del inmovilizado / b) Resultados por enajenaciones y otras,OTROS_EXPLOTACION
671,Pérdidas procedentes del inmovilizado material,3,67,6,DEUDORA,PYG,11. Deterioro y resultado por enajenaciones del inmovilizado / b) Resultados por enajenaciones y otras,AMORTIZACION_DETERIORO,0,0,1,11. Deterioro y resultado por enajenaciones del inmovilizado / b) Resultados por enajenaciones y otras,OTROS_EXPLOTACION
672,Pérdidas procedentes de las inversiones inmobiliarias,3,67,6,DEUDORA,PYG,11. Deterioro y resultado por enajenaciones del inmovilizado / b) Resultados por enajenaciones y otras,AMORTIZACION_DETERIORO,0,0,1,11. Deterioro y resultado por enajenaciones del inmovilizado / b) Resultados por enajenaciones y otras,OTROS_EXPLOTACION
673,Pérdidas procedentes de participaciones a largo plazo en partes vinculadas,3,67,6,DEUDORA,PYG,18. Deterioro y resultado por enajenaciones de instrumentos financieros / b) Resultados por enajenaciones y otras,FINANCIERO,0,0,1,17. Deterioro y resultado por enajenaciones de instrumentos financieros / b) Resultados por enajenaciones y otras,OTROS_EXPLOTACION
6733,"Pérdidas procedentes de participaciones a largo plazo, empresas del grupo",4,673,6,DEUDORA,PYG,18. Deterioro y resultado por enajenaciones de instrumentos financieros / b) Resultados por enajenaciones y otras,FINANCIERO,0,0,1,17. Deterioro y resultado por enajenaciones de instrumentos financieros / b) Resultados por enajenaciones y otras,OTROS_EXPLOTACION
6734,"Pérdidas procedentes de participaciones a largo plazo, empresas asociadas",4,673,6,DEUDORA,PYG,18. Deterioro y resultado por enajenaciones de instrumentos financieros / b) Resultados por enajenaciones y otras,FINANCIERO,0,0,1,17. Deterioro y resultado por enajenaciones de instrumentos financieros / b) Resultados por enajenaciones y otras,OTROS_EXPLOTACION
6735,"Pérdidas procedentes de participaciones a largo plazo, otras partes vinculadas",4,673,6,DEUDORA,PYG,18. Deterioro y resultado por enajenaciones de instrumentos financieros / b) Resultados por enajenaciones y otras,FINANCIERO,0,0,1,17. Deterioro y resultado por enajenaciones de instrumentos financieros / b) Resultados por enajenaciones y otras,OTROS_EXPLOTACION
675,Pérdidas por operaciones con obligaciones propias,3,67,6,DEUDORA,PYG,18. Deterioro y resultado por enajenaciones de instrumentos financieros / b) Resultados por enajenaciones y otras,FINANCIERO,0,0,1,17. Deterioro y resultado por enajenaciones de instrumentos financieros / b) Resultados por enajenaciones y otras,OTROS_EXPLOTACION
678,Gastos excepcionales,3,67,6,DEUDORA,PYG,13. Otros resultados,INDIRECTO_CECO,0,0,1,12. Otros resultados,OTROS_EXPLOTACION
68,Dotaciones para amortizaciones,2,6,6,DEUDORA,PYG,8. Amortización del inmovilizado,AMORTIZACION_DETERIORO,0,0,1,8. Amortización del inmovilizado,OTROS_EXPLOTACION
680,Amortización del inmovilizado intangible,3,68,6,DEUDORA,PYG,8. Amortización del inmovilizado,AMORTIZACION_DETERIORO,0,0,1,8. Amortización del inmovilizado,OTROS_EXPLOTACION
681,Amortización del inmovilizado material,3,68,6,DEUDORA,PYG,8. Amortización del inmovilizado,AMORTIZACION_DETERIORO,0,0,1,8. Amortización del inmovilizado,OTROS_EXPLOTACION
682,Amortización de las inversiones inmobiliarias,3,68,6,DEUDORA,PYG,8. Amortización del inmovilizado,AMORTIZACION_DETERIORO,0,0,1,8. Amortización del inmovilizado,OTROS_EXPLOTACION
69,Pérdidas por deterioro y otras dotaciones,2,6,6,DEUDORA,PYG,,AMORTIZACION_DETERIORO,0,0,1,,OTROS_EXPLOTACION
690,Pérdidas por deterioro del inmovilizado intangible,3,69,6,DEUDORA,PYG,11. Deterioro y resultado por enajenaciones del inmovilizado / a) Deterioros y pérdidas,AMORTIZACION_DETERIORO,0,0,1,11. Deterioro y resultado por enajenaciones del inmovilizado / a) Deterioros y pérdidas,OTROS_EXPLOTACION
691,Pérdidas por deterioro del inmovilizado material,3,69,6,DEUDORA,PYG,11. Deterioro y resultado por enajenaciones del inmovilizado / a) Deterioros y pérdidas,AMORTIZACION_DETERIORO,0,0,1,11. Deterioro y resultado por enajenaciones del inmovilizado / a) Deterioros y pérdidas,OTROS_EXPLOTACION
692,Pérdidas por deterioro de las inversiones inmobiliarias,3,69,6,DEUDORA,PYG,11. Deterioro y resultado por enajenaciones del inmovilizado / a) Deterioros y pérdidas,AMORTIZACION_DETERIORO,0,0,1,11. Deterioro y resultado por enajenaciones del inmovilizado / a) Deterioros y pérdidas,OTROS_EXPLOTACION
693,Pérdidas por deterioro de existencias,3,69,6,DEUDORA,PYG,4. Aprovisionamientos,COSTE_DIRECTO_MC1,0,0,1,4. Aprovisionamientos,OTROS_EXPLOTACION
6930,Pérdidas por deterioro de productos terminados y en curso de fabricación,4,693,6,DEUDORA,PYG,2. Variación de existencias de productos terminados y en curso de fabricación,COSTE_DIRECTO_MC1,0,0,1,2. Variación de existencias de productos terminados y en curso de fabricación,OTROS_EXPLOTACION
6931,Pérdidas por deterioro de mercaderías,4,693,6,DEUDORA,PYG,"4. Aprovisionamientos / d) Deterioro de mercaderías, materias primas y otros aprovisionamientos",COSTE_DIRECTO_MC1,0,0,1,"4. Aprovisionamientos / d) Deterioro de mercaderías, materias primas y otros aprovisionamientos",OTROS_EXPLOTACION
6932,Pérdidas por deterioro de materias primas,4,693,6,DEUDORA,PYG,"4. Aprovisionamientos / d) Deterioro de mercaderías, materias primas y otros aprovisionamientos",COSTE_DIRECTO_MC1,0,0,1,"4. Aprovisionamientos / d) Deterioro de mercaderías, materias primas y otros aprovisionamientos",OTROS_EXPLOTACION
6933,Pérdidas por deterioro de otros aprovisionamientos,4,693,6,DEUDORA,PYG,"4. Aprovisionamientos / d) Deterioro de mercaderías, materias primas y otros aprovisionamientos",COSTE_DIRECTO_MC1,0,0,1,"4. Aprovisionamientos / d) Deterioro de mercaderías, materias primas y otros aprovisionamientos",OTROS_EXPLOTACION
694,Pérdidas por deterioro de créditos por operaciones comerciales,3,69,6,DEUDORA,PYG,"7. Otros gastos de explotación / c) Pérdidas, deterioro y variación de provisiones por operaciones comerciales",INDIRECTO_CECO,0,0,1,"7. Otros gastos de explotación / c) Pérdidas, deterioro y variación de provisiones por operaciones comerciales",OTROS_EXPLOTACION
695,Dotación a la provisión por operaciones comerciales,3,69,6,DEUDORA,PYG,"7. Otros gastos de explotación / c) Pérdidas, deterioro y variación de provisiones por operaciones comerciales",INDIRECTO_CECO,0,0,1,"7. Otros gastos de explotación / c) Pérdidas, deterioro y variación de provisiones por operaciones comerciales",OTROS_EXPLOTACION
6954,Dotación a la provisión por contratos onerosos,4,695,6,DEUDORA,PYG,"7. Otros gastos de explotación / c) Pérdidas, deterioro y variación de provisiones por operaciones comerciales",INDIRECTO_CECO,0,0,1,"7. Otros gastos de explotación / c) Pérdidas, deterioro y variación de provisiones por operaciones comerciales",OTROS_EXPLOTACION
6959,Dotación a la provisión para otras operaciones comerciales,4,695,6,DEUDORA,PYG,"7. Otros gastos de explotación / c) Pérdidas, deterioro y variación de provisiones por operaciones comerciales",INDIRECTO_CECO,0,0,1,"7. Otros gastos de explotación / c) Pérdidas, deterioro y variación de provisiones por operaciones comerciales",OTROS_EXPLOTACION
696,Pérdidas por deterioro de participaciones y valores representativos de deuda a largo plazo,3,69,6,DEUDORA,PYG,18. Deterioro y resultado por enajenaciones de instrumentos financieros / a) Deterioros y pérdidas,FINANCIERO,0,0,1,17. Deterioro y resultado por enajenaciones de instrumentos financieros / a) Deterioros y pérdidas,OTROS_EXPLOTACION
6960,"Pérdidas por deterioro de participaciones en instrumentos de patrimonio neto a largo plazo, empresas del grupo",4,696,6,DEUDORA,PYG,18. Deterioro y resultado por enajenaciones de instrumentos financieros / a) Deterioros y pérdidas,FINANCIERO,0,0,1,17. Deterioro y resultado por enajenaciones de instrumentos financieros / a) Deterioros y pérdidas,OTROS_EXPLOTACION
6961,"Pérdidas por deterioro de participaciones en instrumentos de patrimonio neto a largo plazo, empresas asociadas",4,696,6,DEUDORA,PYG,18. Deterioro y resultado por enajenaciones de instrumentos financieros / a) Deterioros y pérdidas,FINANCIERO,0,0,1,17. Deterioro y resultado por enajenaciones de instrumentos financieros / a) Deterioros y pérdidas,OTROS_EXPLOTACION
6962,"Pérdidas por deterioro de participaciones en instrumentos de patrimonio neto a largo plazo, otras partes vinculadas",4,696,6,DEUDORA,PYG,18. Deterioro y resultado por enajenaciones de instrumentos financieros / a) Deterioros y pérdidas,FINANCIERO,0,0,1,17. Deterioro y resultado por enajenaciones de instrumentos financieros / a) Deterioros y pérdidas,OTROS_EXPLOTACION
6963,"Pérdidas por deterioro de participaciones en instrumentos de patrimonio neto a largo plazo, otras empresas",4,696,6,DEUDORA,PYG,18. Deterioro y resultado por enajenaciones de instrumentos financieros / a) Deterioros y pérdidas,FINANCIERO,0,0,1,17. Deterioro y resultado por enajenaciones de instrumentos financieros / a) Deterioros y pérdidas,OTROS_EXPLOTACION
6965,"Pérdidas por deterioro en valores representativos de deuda a largo plazo, empresas del grupo",4,696,6,DEUDORA,PYG,18. Deterioro y resultado por enajenaciones de instrumentos financieros / a) Deterioros y pérdidas,FINANCIERO,0,0,1,17. Deterioro y resultado por enajenaciones de instrumentos financieros / a) Deterioros y pérdidas,OTROS_EXPLOTACION
6966,"Pérdidas por deterioro en valores representativos de deuda a largo plazo, empresas asociadas",4,696,6,DEUDORA,PYG,18. Deterioro y resultado por enajenaciones de instrumentos financieros / a) Deterioros y pérdidas,FINANCIERO,0,0,1,17. Deterioro y resultado por enajenaciones de instrumentos financieros / a) Deterioros y pérdidas,OTROS_EXPLOTACION
6967,"Pérdidas por deterioro en valores representativos de deuda a largo plazo, otras partes vinculadas",4,696,6,DEUDORA,PYG,18. Deterioro y resultado por enajenaciones de instrumentos financieros / a) Deterioros y pérdidas,FINANCIERO,0,0,1,17. Deterioro y resultado por enajenaciones de instrumentos financieros / a) Deterioros y pérdidas,OTROS_EXPLOTACION
6968,"Pérdidas por deterioro en valores representativos de deuda a largo plazo, otras empresas",4,696,6,DEUDORA,PYG,18. Deterioro y resultado por enajenaciones de instrumentos financieros / a) Deterioros y pérdidas,FINANCIERO,0,0,1,17. Deterioro y resultado por enajenaciones de instrumentos financieros / a) Deterioros y pérdidas,OTROS_EXPLOTACION
697,Pérdidas por deterioro de créditos a largo plazo,3,69,6,DEUDORA,PYG,18. Deterioro y resultado por enajenaciones de instrumentos financieros / a) Deterioros y pérdidas,FINANCIERO,0,0,1,17. Deterioro y resultado por enajenaciones de instrumentos financieros / a) Deterioros y pérdidas,OTROS_EXPLOTACION
6970,"Pérdidas por deterioro de créditos a largo plazo, empresas del grupo",4,697,6,DEUDORA,PYG,18. Deterioro y resultado por enajenaciones de instrumentos financieros / a) Deterioros y pérdidas,FINANCIERO,0,0,1,17. Deterioro y resultado por enajenaciones de instrumentos financieros / a) Deterioros y pérdidas,OTROS_EXPLOTACION
6971,"Pérdidas por deterioro de créditos a largo plazo, empresas asociadas",4,697,6,DEUDORA,PYG,18. Deterioro y resultado por enajenaciones de instrumentos financieros / a) Deterioros y pérdidas,FINANCIERO,0,0,1,17. Deterioro y resultado por enajenaciones de instrumentos financieros / a) Deterioros y pérdidas,OTROS_EXPLOTACION
6972,"Pérdidas por deterioro de créditos a largo plazo, otras partes vinculadas",4,697,6,DEUDORA,PYG,18. Deterioro y resultado por enajenaciones de instrumentos financieros / a) Deterioros y pérdidas,FINANCIERO,0,0,1,17. Deterioro y resultado por enajenaciones de instrumentos financieros / a) Deterioros y pérdidas,OTROS_EXPLOTACION
6973,"Pérdidas por deterioro de créditos a largo plazo, otras empresas",4,697,6,DEUDORA,PYG,18. Deterioro y resultado por enajenaciones de instrumentos financieros / a) Deterioros y pérdidas,FINANCIERO,0,0,1,17. Deterioro y resultado por enajenaciones de instrumentos financieros / a) Deterioros y pérdidas,OTROS_EXPLOTACION
698,Pérdidas por deterioro de participaciones y valores representativos de deuda a corto plazo,3,69,6,DEUDORA,PYG,18. Deterioro y resultado por enajenaciones de instrumentos financieros / a) Deterioros y pérdidas,FINANCIERO,0,0,1,17. Deterioro y resultado por enajenaciones de instrumentos financieros / a) Deterioros y pérdidas,OTROS_EXPLOTACION
6980,"Pérdidas por deterioro de participaciones en instrumentos de patrimonio neto a corto plazo, empresas del grupo",4,698,6,DEUDORA,PYG,18. Deterioro y resultado por enajenaciones de instrumentos financieros / a) Deterioros y pérdidas,FINANCIERO,0,0,1,17. Deterioro y resultado por enajenaciones de instrumentos financieros / a) Deterioros y pérdidas,OTROS_EXPLOTACION
6981,"Pérdidas por deterioro de participaciones en instrumentos de patrimonio neto a corto plazo, empresas asociadas",4,698,6,DEUDORA,PYG,18. Deterioro y resultado por enajenaciones de instrumentos financieros / a) Deterioros y pérdidas,FINANCIERO,0,0,1,17. Deterioro y resultado por enajenaciones de instrumentos financieros / a) Deterioros y pérdidas,OTROS_EXPLOTACION
6985,"Pérdidas por deterioro en valores representativos de deuda a corto plazo, empresas del grupo",4,698,6,DEUDORA,PYG,18. Deterioro y resultado por enajenaciones de instrumentos financieros / a) Deterioros y pérdidas,FINANCIERO,0,0,1,17. Deterioro y resultado por enajenaciones de instrumentos financieros / a) Deterioros y pérdidas,OTROS_EXPLOTACION
6986,"Pérdidas por deterioro en valores representativos de deuda a corto plazo, empresas asociadas",4,698,6,DEUDORA,PYG,18. Deterioro y resultado por enajenaciones de instrumentos financieros / a) Deterioros y pérdidas,FINANCIERO,0,0,1,17. Deterioro y resultado por enajenaciones de instrumentos financieros / a) Deterioros y pérdidas,OTROS_EXPLOTACION
6987,"Pérdidas por deterioro en valores representativos de deuda a corto plazo, otras partes vinculadas",4,698,6,DEUDORA,PYG,18. Deterioro y resultado por enajenaciones de instrumentos financieros / a) Deterioros y pérdidas,FINANCIERO,0,0,1,17. Deterioro y resultado por enajenaciones de instrumentos financieros / a) Deterioros y pérdidas,OTROS_EXPLOTACION
6988,"Pérdidas por deterioro en valores representativos de deuda a corto plazo, otras empresas",4,698,6,DEUDORA,PYG,18. Deterioro y resultado por enajenaciones de instrumentos financieros / a) Deterioros y pérdidas,FINANCIERO,0,0,1,17. Deterioro y resultado por enajenaciones de instrumentos financieros / a) Deterioros y pérdidas,OTROS_EXPLOTACION
699,Pérdidas por deterioro de créditos a corto plazo,3,69,6,DEUDORA,PYG,18. Deterioro y resultado por enajenaciones de instrumentos financieros / a) Deterioros y pérdidas,FINANCIERO,0,0,1,17. Deterioro y resultado por enajenaciones de instrumentos financieros / a) Deterioros y pérdidas,OTROS_EXPLOTACION
6990,"Pérdidas por deterioro de créditos a corto plazo, empresas del grupo",4,699,6,DEUDORA,PYG,18. Deterioro y resultado por enajenaciones de instrumentos financieros / a) Deterioros y pérdidas,FINANCIERO,0,0,1,17. Deterioro y resultado por enajenaciones de instrumentos financieros / a) Deterioros y pérdidas,OTROS_EXPLOTACION
6991,"Pérdidas por deterioro de créditos a corto plazo, empresas asociadas",4,699,6,DEUDORA,PYG,18. Deterioro y resultado por enajenaciones de instrumentos financieros / a) Deterioros y pérdidas,FINANCIERO,0,0,1,17. Deterioro y resultado por enajenaciones de instrumentos financieros / a) Deterioros y pérdidas,OTROS_EXPLOTACION
6992,"Pérdidas por deterioro de créditos a corto plazo, otras partes vinculadas",4,699,6,DEUDORA,PYG,18. Deterioro y resultado por enajenaciones de instrumentos financieros / a) Deterioros y pérdidas,FINANCIERO,0,0,1,17. Deterioro y resultado por enajenaciones de instrumentos financieros / a) Deterioros y pérdidas,OTROS_EXPLOTACION
6993,"Pérdidas por deterioro de créditos a corto plazo, otras empresas",4,699,6,DEUDORA,PYG,18. Deterioro y resultado por enajenaciones de instrumentos financieros / a) Deterioros y pérdidas,FINANCIERO,0,0,1,17. Deterioro y resultado por enajenaciones de instrumentos financieros / a) Deterioros y pérdidas,OTROS_EXPLOTACION
7,Ventas e ingresos,1,,7,ACREEDORA,PYG,,,0,0,1,,OTROS_EXPLOTACION
70,"Ventas de mercaderías, de producción propia, de servicios, etc.",2,7,7,ACREEDORA,PYG,1. Importe neto de la cifra de negocios,INGRESO_DIRECTO,0,0,1,1. Importe neto de la cifra de negocios,OTROS_EXPLOTACION
700,Ventas de mercaderías,3,70,7,ACREEDORA,PYG,1. Importe neto de la cifra de negocios / a) Ventas,INGRESO_DIRECTO,0,0,1,1. Importe neto de la cifra de negocios / a) Ventas,OTROS_EXPLOTACION
701,Ventas de productos terminados,3,70,7,ACREEDORA,PYG,1. Importe neto de la cifra de negocios / a) Ventas,INGRESO_DIRECTO,0,0,1,1. Importe neto de la cifra de negocios / a) Ventas,OTROS_EXPLOTACION
702,Ventas de productos semiterminados,3,70,7,ACREEDORA,PYG,1. Importe neto de la cifra de negocios / a) Ventas,INGRESO_DIRECTO,0,0,1,1. Importe neto de la cifra de negocios / a) Ventas,OTROS_EXPLOTACION
703,Ventas de subproductos y residuos,3,70,7,ACREEDORA,PYG,1. Importe neto de la cifra de negocios / a) Ventas,INGRESO_DIRECTO,0,0,1,1. Importe neto de la cifra de negocios / a) Ventas,OTROS_EXPLOTACION
704,Ventas de envases y embalajes,3,70,7,ACREEDORA,PYG,1. Importe neto de la cifra de negocios / a) Ventas,INGRESO_DIRECTO,0,0,1,1. Importe neto de la cifra de negocios / a) Ventas,OTROS_EXPLOTACION
705,Prestaciones de servicios,3,70,7,ACREEDORA,PYG,1. Importe neto de la cifra de negocios / b) Prestaciones de servicios,INGRESO_DIRECTO,0,0,1,1. Importe neto de la cifra de negocios / b) Prestaciones de servicios,OTROS_EXPLOTACION
706,Descuentos sobre ventas por pronto pago,3,70,7,DEUDORA,PYG,1. Importe neto de la cifra de negocios / a) Ventas,INGRESO_DIRECTO,0,1,1,1. Importe neto de la cifra de negocios / a) Ventas,OTROS_EXPLOTACION
7060,Descuentos sobre ventas por pronto pago de mercaderías,4,706,7,DEUDORA,PYG,1. Importe neto de la cifra de negocios / a) Ventas,INGRESO_DIRECTO,0,1,1,1. Importe neto de la cifra de negocios / a) Ventas,OTROS_EXPLOTACION
7061,Descuentos sobre ventas por pronto pago de productos terminados,4,706,7,DEUDORA,PYG,1. Importe neto de la cifra de negocios / a) Ventas,INGRESO_DIRECTO,0,1,1,1. Importe neto de la cifra de negocios / a) Ventas,OTROS_EXPLOTACION
7062,Descuentos sobre ventas por pronto pago de productos semiterminados,4,706,7,DEUDORA,PYG,1. Importe neto de la cifra de negocios / a) Ventas,INGRESO_DIRECTO,0,1,1,1. Importe neto de la cifra de negocios / a) Ventas,OTROS_EXPLOTACION
7063,Descuentos sobre ventas por pronto pago de subproductos y residuos,4,706,7,DEUDORA,PYG,1. Importe neto de la cifra de negocios / a) Ventas,INGRESO_DIRECTO,0,1,1,1. Importe neto de la cifra de negocios / a) Ventas,OTROS_EXPLOTACION
7064,Descuentos sobre ventas por pronto pago de envases y embalajes,4,706,7,DEUDORA,PYG,1. Importe neto de la cifra de negocios / a) Ventas,INGRESO_DIRECTO,0,1,1,1. Importe neto de la cifra de negocios / a) Ventas,OTROS_EXPLOTACION
708,Devoluciones de ventas y operaciones similares,3,70,7,DEUDORA,PYG,1. Importe neto de la cifra de negocios / a) Ventas,INGRESO_DIRECTO,0,1,1,1. Importe neto de la cifra de negocios / a) Ventas,OTROS_EXPLOTACION
7080,Devoluciones de ventas de mercaderías,4,708,7,DEUDORA,PYG,1. Importe neto de la cifra de negocios / a) Ventas,INGRESO_DIRECTO,0,1,1,1. Importe neto de la cifra de negocios / a) Ventas,OTROS_EXPLOTACION
7081,Devoluciones de ventas de productos terminados,4,708,7,DEUDORA,PYG,1. Importe neto de la cifra de negocios / a) Ventas,INGRESO_DIRECTO,0,1,1,1. Importe neto de la cifra de negocios / a) Ventas,OTROS_EXPLOTACION
7082,Devoluciones de ventas de productos semiterminados,4,708,7,DEUDORA,PYG,1. Importe neto de la cifra de negocios / a) Ventas,INGRESO_DIRECTO,0,1,1,1. Importe neto de la cifra de negocios / a) Ventas,OTROS_EXPLOTACION
7083,Devoluciones de ventas de subproductos y residuos,4,708,7,DEUDORA,PYG,1. Importe neto de la cifra de negocios / a) Ventas,INGRESO_DIRECTO,0,1,1,1. Importe neto de la cifra de negocios / a) Ventas,OTROS_EXPLOTACION
7084,Devoluciones de ventas de envases y embalajes,4,708,7,DEUDORA,PYG,1. Importe neto de la cifra de negocios / a) Ventas,INGRESO_DIRECTO,0,1,1,1. Importe neto de la cifra de negocios / a) Ventas,OTROS_EXPLOTACION
709,«Rappels» sobre ventas,3,70,7,DEUDORA,PYG,1. Importe neto de la cifra de negocios / a) Ventas,INGRESO_DIRECTO,0,1,1,1. Importe neto de la cifra de negocios / a) Ventas,OTROS_EXPLOTACION
7090,«Rappels» sobre ventas de mercaderías,4,709,7,DEUDORA,PYG,1. Importe neto de la cifra de negocios / a) Ventas,INGRESO_DIRECTO,0,1,1,1. Importe neto de la cifra de negocios / a) Ventas,OTROS_EXPLOTACION
7091,«Rappels» sobre ventas de productos terminados,4,709,7,DEUDORA,PYG,1. Importe neto de la cifra de negocios / a) Ventas,INGRESO_DIRECTO,0,1,1,1. Importe neto de la cifra de negocios / a) Ventas,OTROS_EXPLOTACION
7092,«Rappels» sobre ventas de productos semiterminados,4,709,7,DEUDORA,PYG,1. Importe neto de la cifra de negocios / a) Ventas,INGRESO_DIRECTO,0,1,1,1. Importe neto de la cifra de negocios / a) Ventas,OTROS_EXPLOTACION
7093,«Rappels» sobre ventas de subproductos y residuos,4,709,7,DEUDORA,PYG,1. Importe neto de la cifra de negocios / a) Ventas,INGRESO_DIRECTO,0,1,1,1. Importe neto de la cifra de negocios / a) Ventas,OTROS_EXPLOTACION
7094,«Rappels» sobre ventas de envases y embalajes,4,709,7,DEUDORA,PYG,1. Importe neto de la cifra de negocios / a) Ventas,INGRESO_DIRECTO,0,1,1,1. Importe neto de la cifra de negocios / a) Ventas,OTROS_EXPLOTACION
71,Variación de existencias,2,7,7,ACREEDORA,PYG,2. Variación de existencias de productos terminados y en curso de fabricación,COSTE_DIRECTO_MC1,0,0,1,2. Variación de existencias de productos terminados y en curso de fabricación,OTROS_EXPLOTACION
710,Variación de existencias de productos en curso,3,71,7,ACREEDORA,PYG,2. Variación de existencias de productos terminados y en curso de fabricación,COSTE_DIRECTO_MC1,0,0,1,2. Variación de existencias de productos terminados y en curso de fabricación,OTROS_EXPLOTACION
711,Variación de existencias de productos semiterminados,3,71,7,ACREEDORA,PYG,2. Variación de existencias de productos terminados y en curso de fabricación,COSTE_DIRECTO_MC1,0,0,1,2. Variación de existencias de productos terminados y en curso de fabricación,OTROS_EXPLOTACION
712,Variación de existencias de productos terminados,3,71,7,ACREEDORA,PYG,2. Variación de existencias de productos terminados y en curso de fabricación,COSTE_DIRECTO_MC1,0,0,1,2. Variación de existencias de productos terminados y en curso de fabricación,OTROS_EXPLOTACION
713,"Variación de existencias de subproductos, residuos y materiales recuperados",3,71,7,ACREEDORA,PYG,2. Variación de existencias de productos terminados y en curso de fabricación,COSTE_DIRECTO_MC1,0,0,1,2. Variación de existencias de productos terminados y en curso de fabricación,OTROS_EXPLOTACION
73,Trabajos realizados para la empresa,2,7,7,ACREEDORA,PYG,3. Trabajos realizados por la empresa para su activo,NO_ANALITICO,0,0,1,3. Trabajos realizados por la empresa para su activo,OTROS_EXPLOTACION
730,Trabajos realizados para el inmovilizado intangible,3,73,7,ACREEDORA,PYG,3. Trabajos realizados por la empresa para su activo,NO_ANALITICO,0,0,1,3. Trabajos realizados por la empresa para su activo,OTROS_EXPLOTACION
731,Trabajos realizados para el inmovilizado material,3,73,7,ACREEDORA,PYG,3. Trabajos realizados por la empresa para su activo,NO_ANALITICO,0,0,1,3. Trabajos realizados por la empresa para su activo,OTROS_EXPLOTACION
732,Trabajos realizados en inmovilizado material en curso,3,73,7,ACREEDORA,PYG,3. Trabajos realizados por la empresa para su activo,NO_ANALITICO,0,0,1,3. Trabajos realizados por la empresa para su activo,OTROS_EXPLOTACION
733,Trabajos realizados para las inversiones inmobiliarias,3,73,7,ACREEDORA,PYG,3. Trabajos realizados por la empresa para su activo,NO_ANALITICO,0,0,1,3. Trabajos realizados por la empresa para su activo,OTROS_EXPLOTACION
74,"Subvenciones, donaciones y legados",2,7,7,ACREEDORA,PYG,5. Otros ingresos de explotación / b) Subvenciones de explotación incorporadas al resultado del ejercicio,NO_ANALITICO,0,0,1,5. Otros ingresos de explotación / b) Subvenciones de explotación incorporadas al resultado del ejercicio,OTROS_EXPLOTACION
740,"Subvenciones, donaciones y legados a la explotación",3,74,7,ACREEDORA,PYG,5. Otros ingresos de explotación / b) Subvenciones de explotación incorporadas al resultado del ejercicio,NO_ANALITICO,0,0,1,5. Otros ingresos de explotación / b) Subvenciones de explotación incorporadas al resultado del ejercicio,OTROS_EXPLOTACION
746,"Subvenciones, donaciones y legados de capital transferidos al resultado del ejercicio",3,74,7,ACREEDORA,PYG,9. Imputación de subvenciones de inmovilizado no financiero y otras,NO_ANALITICO,0,0,1,9. Imputación de subvenciones de inmovilizado no financiero y otras,OTROS_EXPLOTACION
747,"Otras subvenciones, donaciones y legados transferidos al resultado del ejercicio",3,74,7,ACREEDORA,PYG,5. Otros ingresos de explotación / b) Subvenciones de explotación incorporadas al resultado del ejercicio,NO_ANALITICO,0,0,1,5. Otros ingresos de explotación / b) Subvenciones de explotación incorporadas al resultado del ejercicio,OTROS_EXPLOTACION
75,Otros ingresos de gestión,2,7,7,ACREEDORA,PYG,5. Otros ingresos de explotación / a) Ingresos accesorios y otros de gestión corriente,NO_ANALITICO,0,0,1,5. Otros ingresos de explotación / a) Ingresos accesorios y otros de gestión corriente,OTROS_EXPLOTACION
751,Resultados de operaciones en común,3,75,7,ACREEDORA,PYG,5. Otros ingresos de explotación / a) Ingresos accesorios y otros de gestión corriente,NO_ANALITICO,0,0,1,5. Otros ingresos de explotación / a) Ingresos accesorios y otros de gestión corriente,OTROS_EXPLOTACION
7510,Pérdida transferida (gestor),4,751,7,ACREEDORA,PYG,5. Otros ingresos de explotación / a) Ingresos accesorios y otros de gestión corriente,NO_ANALITICO,0,0,1,5. Otros ingresos de explotación / a) Ingresos accesorios y otros de gestión corriente,OTROS_EXPLOTACION
7511,Beneficio atribuido (partícipe o asociado no gestor),4,751,7,ACREEDORA,PYG,5. Otros ingresos de explotación / a) Ingresos accesorios y otros de gestión corriente,NO_ANALITICO,0,0,1,5. Otros ingresos de explotación / a) Ingresos accesorios y otros de gestión corriente,OTROS_EXPLOTACION
752,Ingresos por arrendamientos,3,75,7,ACREEDORA,PYG,5. Otros ingresos de explotación / a) Ingresos accesorios y otros de gestión corriente,NO_ANALITICO,0,0,1,5. Otros ingresos de explotación / a) Ingresos accesorios y otros de gestión corriente,OTROS_EXPLOTACION
753,Ingresos de propiedad industrial cedida en explotación,3,75,7,ACREEDORA,PYG,5. Otros ingresos de explotación / a) Ingresos accesorios y otros de gestión corriente,NO_ANALITICO,0,0,1,5. Otros ingresos de explotación / a) Ingresos accesorios y otros de gestión corriente,OTROS_EXPLOTACION
754,Ingresos por comisiones,3,75,7,ACREEDORA,PYG,5. Otros ingresos de explotación / a) Ingresos accesorios y otros de gestión corriente,NO_ANALITICO,0,0,1,5. Otros ingresos de explotación / a) Ingresos accesorios y otros de gestión corriente,OTROS_EXPLOTACION
755,Ingresos por servicios al personal,3,75,7,ACREEDORA,PYG,5. Otros ingresos de explotación / a) Ingresos accesorios y otros de gestión corriente,NO_ANALITICO,0,0,1,5. Otros ingresos de explotación / a) Ingresos accesorios y otros de gestión corriente,OTROS_EXPLOTACION
759,Ingresos por servicios diversos,3,75,7,ACREEDORA,PYG,5. Otros ingresos de explotación / a) Ingresos accesorios y otros de gestión corriente,NO_ANALITICO,0,0,1,5. Otros ingresos de explotación / a) Ingresos accesorios y otros de gestión corriente,OTROS_EXPLOTACION
76,Ingresos financieros,2,7,7,ACREEDORA,PYG,14. Ingresos financieros,FINANCIERO,0,0,1,13. Ingresos financieros,OTROS_EXPLOTACION
760,Ingresos de participaciones en instrumentos de patrimonio,3,76,7,ACREEDORA,PYG,14. Ingresos financieros / a) De participaciones en instrumentos de patrimonio,FINANCIERO,0,0,1,13. Ingresos financieros / a) De participaciones en instrumentos de patrimonio,OTROS_EXPLOTACION
7600,"Ingresos de participaciones en instrumentos de patrimonio, empresas del grupo",4,760,7,ACREEDORA,PYG,14. Ingresos financieros / a) De participaciones en instrumentos de patrimonio,FINANCIERO,0,0,1,13. Ingresos financieros / a) De participaciones en instrumentos de patrimonio,OTROS_EXPLOTACION
7601,"Ingresos de participaciones en instrumentos de patrimonio, empresas asociadas",4,760,7,ACREEDORA,PYG,14. Ingresos financieros / a) De participaciones en instrumentos de patrimonio,FINANCIERO,0,0,1,13. Ingresos financieros / a) De participaciones en instrumentos de patrimonio,OTROS_EXPLOTACION
7602,"Ingresos de participaciones en instrumentos de patrimonio, otras partes vinculadas",4,760,7,ACREEDORA,PYG,14. Ingresos financieros / a) De participaciones en instrumentos de patrimonio,FINANCIERO,0,0,1,13. Ingresos financieros / a) De participaciones en instrumentos de patrimonio,OTROS_EXPLOTACION
7603,"Ingresos de participaciones en instrumentos de patrimonio, otras empresas",4,760,7,ACREEDORA,PYG,14. Ingresos financieros / a) De participaciones en instrumentos de patrimonio,FINANCIERO,0,0,1,13. Ingresos financieros / a) De participaciones en instrumentos de patrimonio,OTROS_EXPLOTACION
761,Ingresos de valores representativos de deuda,3,76,7,ACREEDORA,PYG,14. Ingresos financieros / b) De valores negociables y otros instrumentos financieros,FINANCIERO,0,0,1,13. Ingresos financieros / b) De valores negociables y otros instrumentos financieros,OTROS_EXPLOTACION
7610,"Ingresos de valores representativos de deuda, empresas del grupo",4,761,7,ACREEDORA,PYG,14. Ingresos financieros / b) De valores negociables y otros instrumentos financieros,FINANCIERO,0,0,1,13. Ingresos financieros / b) De valores negociables y otros instrumentos financieros,OTROS_EXPLOTACION
7611,"Ingresos de valores representativos de deuda, empresas asociadas",4,761,7,ACREEDORA,PYG,14. Ingresos financieros / b) De valores negociables y otros instrumentos financieros,FINANCIERO,0,0,1,13. Ingresos financieros / b) De valores negociables y otros instrumentos financieros,OTROS_EXPLOTACION
7612,"Ingresos de valores representativos de deuda, otras partes vinculadas",4,761,7,ACREEDORA,PYG,14. Ingresos financieros / b) De valores negociables y otros instrumentos financieros,FINANCIERO,0,0,1,13. Ingresos financieros / b) De valores negociables y otros instrumentos financieros,OTROS_EXPLOTACION
7613,"Ingresos de valores representativos de deuda, otras empresas",4,761,7,ACREEDORA,PYG,14. Ingresos financieros / b) De valores negociables y otros instrumentos financieros,FINANCIERO,0,0,1,13. Ingresos financieros / b) De valores negociables y otros instrumentos financieros,OTROS_EXPLOTACION
762,Ingresos de créditos,3,76,7,ACREEDORA,PYG,14. Ingresos financieros / b) De valores negociables y otros instrumentos financieros,FINANCIERO,0,0,1,13. Ingresos financieros / b) De valores negociables y otros instrumentos financieros,OTROS_EXPLOTACION
7620,Ingresos de créditos a largo plazo,4,762,7,ACREEDORA,PYG,14. Ingresos financieros / b) De valores negociables y otros instrumentos financieros,FINANCIERO,0,0,1,13. Ingresos financieros / b) De valores negociables y otros instrumentos financieros,OTROS_EXPLOTACION
7621,Ingresos de créditos a corto plazo,4,762,7,ACREEDORA,PYG,14. Ingresos financieros / b) De valores negociables y otros instrumentos financieros,FINANCIERO,0,0,1,13. Ingresos financieros / b) De valores negociables y otros instrumentos financieros,OTROS_EXPLOTACION
763,Beneficios por valoración de instrumentos financieros por su valor razonable,3,76,7,ACREEDORA,PYG,16. Variación de valor razonable en instrumentos financieros / a) Cartera de negociación y otros,FINANCIERO,0,0,1,15. Variación de valor razonable en instrumentos financieros / a) Cartera de negociación y otros,OTROS_EXPLOTACION
7630,Beneficios de cartera de negociación,4,763,7,ACREEDORA,PYG,16. Variación de valor razonable en instrumentos financieros / a) Cartera de negociación y otros,FINANCIERO,0,0,1,15. Variación de valor razonable en instrumentos financieros / a) Cartera de negociación y otros,OTROS_EXPLOTACION
7631,Beneficios de designados por la empresa,4,763,7,ACREEDORA,PYG,16. Variación de valor razonable en instrumentos financieros / a) Cartera de negociación y otros,FINANCIERO,0,0,1,15. Variación de valor razonable en instrumentos financieros / a) Cartera de negociación y otros,OTROS_EXPLOTACION
7632,Beneficios de activos financieros a valor razonable con cambios en el patrimonio neto,4,763,7,ACREEDORA,PYG,16. Variación de valor razonable en instrumentos financieros / b) Imputación al resultado del ejercicio por activos financieros a valor razonable con cambios en el patrimonio neto,FINANCIERO,0,0,0,,OTROS_EXPLOTACION
7633,Beneficios de instrumentos de cobertura,4,763,7,ACREEDORA,PYG,16. Variación de valor razonable en instrumentos financieros / a) Cartera de negociación y otros,FINANCIERO,0,0,1,15. Variación de valor razonable en instrumentos financieros / a) Cartera de negociación y otros,OTROS_EXPLOTACION
766,Beneficios en participaciones y valores representativos de deuda,3,76,7,ACREEDORA,PYG,18. Deterioro y resultado por enajenaciones de instrumentos financieros / b) Resultados por enajenaciones y otras,FINANCIERO,0,0,1,17. Deterioro y resultado por enajenaciones de instrumentos financieros / b) Resultados por enajenaciones y otras,OTROS_EXPLOTACION
7660,"Beneficios en valores representativos de deuda a largo plazo, empresas del grupo",4,766,7,ACREEDORA,PYG,18. Deterioro y resultado por enajenaciones de instrumentos financieros / b) Resultados por enajenaciones y otras,FINANCIERO,0,0,1,17. Deterioro y resultado por enajenaciones de instrumentos financieros / b) Resultados por enajenaciones y otras,OTROS_EXPLOTACION
7661,"Beneficios en valores representativos de deuda a largo plazo, empresas asociadas",4,766,7,ACREEDORA,PYG,18. Deterioro y resultado por enajenaciones de instrumentos financieros / b) Resultados por enajenaciones y otras,FINANCIERO,0,0,1,17. Deterioro y resultado por enajenaciones de instrumentos financieros / b) Resultados por enajenaciones y otras,OTROS_EXPLOTACION
7662,"Beneficios en valores representativos de deuda a largo plazo, otras partes vinculadas",4,766,7,ACREEDORA,PYG,18. Deterioro y resultado por enajenaciones de instrumentos financieros / b) Resultados por enajenaciones y otras,FINANCIERO,0,0,1,17. Deterioro y resultado por enajenaciones de instrumentos financieros / b) Resultados por enajenaciones y otras,OTROS_EXPLOTACION
7663,"Beneficios en participaciones y valores representativos de deuda a largo plazo, otras empresas",4,766,7,ACREEDORA,PYG,18. Deterioro y resultado por enajenaciones de instrumentos financieros / b) Resultados por enajenaciones y otras,FINANCIERO,0,0,1,17. Deterioro y resultado por enajenaciones de instrumentos financieros / b) Resultados por enajenaciones y otras,OTROS_EXPLOTACION
7665,"Beneficios en participaciones y valores representativos de deuda a corto plazo, empresas del grupo",4,766,7,ACREEDORA,PYG,18. Deterioro y resultado por enajenaciones de instrumentos financieros / b) Resultados por enajenaciones y otras,FINANCIERO,0,0,1,17. Deterioro y resultado por enajenaciones de instrumentos financieros / b) Resultados por enajenaciones y otras,OTROS_EXPLOTACION
7666,"Beneficios en participaciones y valores representativos de deuda a corto plazo, empresas asociadas",4,766,7,ACREEDORA,PYG,18. Deterioro y resultado por enajenaciones de instrumentos financieros / b) Resultados por enajenaciones y otras,FINANCIERO,0,0,1,17. Deterioro y resultado por enajenaciones de instrumentos financieros / b) Resultados por enajenaciones y otras,OTROS_EXPLOTACION
7667,"Beneficios en valores representativos de deuda a corto plazo, otras partes vinculadas",4,766,7,ACREEDORA,PYG,18. Deterioro y resultado por enajenaciones de instrumentos financieros / b) Resultados por enajenaciones y otras,FINANCIERO,0,0,1,17. Deterioro y resultado por enajenaciones de instrumentos financieros / b) Resultados por enajenaciones y otras,OTROS_EXPLOTACION
7668,"Beneficios en valores representativos de deuda a corto plazo, otras empresas",4,766,7,ACREEDORA,PYG,18. Deterioro y resultado por enajenaciones de instrumentos financieros / b) Resultados por enajenaciones y otras,FINANCIERO,0,0,1,17. Deterioro y resultado por enajenaciones de instrumentos financieros / b) Resultados por enajenaciones y otras,OTROS_EXPLOTACION
767,Ingresos de activos afectos y de derechos de reembolso relativos a retribuciones a largo plazo,3,76,7,ACREEDORA,PYG,14. Ingresos financieros / b) De valores negociables y otros instrumentos financieros,FINANCIERO,0,0,1,13. Ingresos financieros / b) De valores negociables y otros instrumentos financieros,OTROS_EXPLOTACION
768,Diferencias positivas de cambio,3,76,7,ACREEDORA,PYG,17. Diferencias de cambio,FINANCIERO,0,0,1,16. Diferencias de cambio,OTROS_EXPLOTACION
769,Otros ingresos financieros,3,76,7,ACREEDORA,PYG,14. Ingresos financieros / b) De valores negociables y otros instrumentos financieros,FINANCIERO,0,0,1,13. Ingresos financieros / b) De valores negociables y otros instrumentos financieros,OTROS_EXPLOTACION
77,Beneficios procedentes de activos no corrientes e ingresos excepcionales,2,7,7,ACREEDORA,PYG,,AMORTIZACION_DETERIORO,0,0,1,,OTROS_EXPLOTACION
770,Beneficios procedentes del inmovilizado intangible,3,77,7,ACREEDORA,PYG,11. Deterioro y resultado por enajenaciones del inmovilizado / b) Resultados por enajenaciones y otras,AMORTIZACION_DETERIORO,0,0,1,11. Deterioro y resultado por enajenaciones del inmovilizado / b) Resultados por enajenaciones y otras,OTROS_EXPLOTACION
771,Beneficios procedentes del inmovilizado material,3,77,7,ACREEDORA,PYG,11. Deterioro y resultado por enajenaciones del inmovilizado / b) Resultados por enajenaciones y otras,AMORTIZACION_DETERIORO,0,0,1,11. Deterioro y resultado por enajenaciones del inmovilizado / b) Resultados por enajenaciones y otras,OTROS_EXPLOTACION
772,Beneficios procedentes de las inversiones inmobiliarias,3,77,7,ACREEDORA,PYG,11. Deterioro y resultado por enajenaciones del inmovilizado / b) Resultados por enajenaciones y otras,AMORTIZACION_DETERIORO,0,0,1,11. Deterioro y resultado por enajenaciones del inmovilizado / b) Resultados por enajenaciones y otras,OTROS_EXPLOTACION
773,Beneficios procedentes de participaciones a largo plazo en partes vinculadas,3,77,7,ACREEDORA,PYG,18. Deterioro y resultado por enajenaciones de instrumentos financieros / b) Resultados por enajenaciones y otras,FINANCIERO,0,0,1,17. Deterioro y resultado por enajenaciones de instrumentos financieros / b) Resultados por enajenaciones y otras,OTROS_EXPLOTACION
7733,"Beneficios procedentes de participaciones a largo plazo, empresas del grupo",4,773,7,ACREEDORA,PYG,18. Deterioro y resultado por enajenaciones de instrumentos financieros / b) Resultados por enajenaciones y otras,FINANCIERO,0,0,1,17. Deterioro y resultado por enajenaciones de instrumentos financieros / b) Resultados por enajenaciones y otras,OTROS_EXPLOTACION
7734,"Beneficios procedentes de participaciones a largo plazo, empresas asociadas",4,773,7,ACREEDORA,PYG,18. Deterioro y resultado por enajenaciones de instrumentos financieros / b) Resultados por enajenaciones y otras,FINANCIERO,0,0,1,17. Deterioro y resultado por enajenaciones de instrumentos financieros / b) Resultados por enajenaciones y otras,OTROS_EXPLOTACION
7735,"Beneficios procedentes de participaciones a largo plazo, otras partes vinculadas",4,773,7,ACREEDORA,PYG,18. Deterioro y resultado por enajenaciones de instrumentos financieros / b) Resultados por enajenaciones y otras,FINANCIERO,0,0,1,17. Deterioro y resultado por enajenaciones de instrumentos financieros / b) Resultados por enajenaciones y otras,OTROS_EXPLOTACION
774,Diferencia negativa en combinaciones de negocios,3,77,7,ACREEDORA,PYG,12. Diferencia negativa de combinaciones de negocio,AMORTIZACION_DETERIORO,0,0,0,,OTROS_EXPLOTACION
775,Beneficios por operaciones con obligaciones propias,3,77,7,ACREEDORA,PYG,18. Deterioro y resultado por enajenaciones de instrumentos financieros / b) Resultados por enajenaciones y otras,FINANCIERO,0,0,1,17. Deterioro y resultado por enajenaciones de instrumentos financieros / b) Resultados por enajenaciones y otras,OTROS_EXPLOTACION
778,Ingresos excepcionales,3,77,7,ACREEDORA,PYG,13. Otros resultados,INDIRECTO_CECO,0,0,1,12. Otros resultados,OTROS_EXPLOTACION
79,Excesos y aplicaciones de provisiones y de pérdidas por deterioro,2,7,7,ACREEDORA,PYG,,AMORTIZACION_DETERIORO,0,0,1,,OTROS_EXPLOTACION
790,Reversión del deterioro del inmovilizado intangible,3,79,7,ACREEDORA,PYG,11. Deterioro y resultado por enajenaciones del inmovilizado / a) Deterioros y pérdidas,AMORTIZACION_DETERIORO,0,0,1,11. Deterioro y resultado por enajenaciones del inmovilizado / a) Deterioros y pérdidas,OTROS_EXPLOTACION
791,Reversión del deterioro del inmovilizado material,3,79,7,ACREEDORA,PYG,11. Deterioro y resultado por enajenaciones del inmovilizado / a) Deterioros y pérdidas,AMORTIZACION_DETERIORO,0,0,1,11. Deterioro y resultado por enajenaciones del inmovilizado / a) Deterioros y pérdidas,OTROS_EXPLOTACION
792,Reversión del deterioro de las inversiones inmobiliarias,3,79,7,ACREEDORA,PYG,11. Deterioro y resultado por enajenaciones del inmovilizado / a) Deterioros y pérdidas,AMORTIZACION_DETERIORO,0,0,1,11. Deterioro y resultado por enajenaciones del inmovilizado / a) Deterioros y pérdidas,OTROS_EXPLOTACION
793,Reversión del deterioro de existencias,3,79,7,ACREEDORA,PYG,4. Aprovisionamientos,COSTE_DIRECTO_MC1,0,0,1,4. Aprovisionamientos,OTROS_EXPLOTACION
7930,Reversión del deterioro de productos terminados y en curso de fabricación,4,793,7,ACREEDORA,PYG,2. Variación de existencias de productos terminados y en curso de fabricación,COSTE_DIRECTO_MC1,0,0,1,2. Variación de existencias de productos terminados y en curso de fabricación,OTROS_EXPLOTACION
7931,Reversión del deterioro de mercaderías,4,793,7,ACREEDORA,PYG,"4. Aprovisionamientos / d) Deterioro de mercaderías, materias primas y otros aprovisionamientos",COSTE_DIRECTO_MC1,0,0,1,"4. Aprovisionamientos / d) Deterioro de mercaderías, materias primas y otros aprovisionamientos",OTROS_EXPLOTACION
7932,Reversión del deterioro de materias primas,4,793,7,ACREEDORA,PYG,"4. Aprovisionamientos / d) Deterioro de mercaderías, materias primas y otros aprovisionamientos",COSTE_DIRECTO_MC1,0,0,1,"4. Aprovisionamientos / d) Deterioro de mercaderías, materias primas y otros aprovisionamientos",OTROS_EXPLOTACION
7933,Reversión del deterioro de otros aprovisionamientos,4,793,7,ACREEDORA,PYG,"4. Aprovisionamientos / d) Deterioro de mercaderías, materias primas y otros aprovisionamientos",COSTE_DIRECTO_MC1,0,0,1,"4. Aprovisionamientos / d) Deterioro de mercaderías, materias primas y otros aprovisionamientos",OTROS_EXPLOTACION
794,Reversión del deterioro de créditos por operaciones comerciales,3,79,7,ACREEDORA,PYG,"7. Otros gastos de explotación / c) Pérdidas, deterioro y variación de provisiones por operaciones comerciales",INDIRECTO_CECO,0,0,1,"7. Otros gastos de explotación / c) Pérdidas, deterioro y variación de provisiones por operaciones comerciales",OTROS_EXPLOTACION
795,Exceso de provisiones,3,79,7,ACREEDORA,PYG,10. Excesos de provisiones,INDIRECTO_CECO,0,0,1,10. Excesos de provisiones,OTROS_EXPLOTACION
7950,Exceso de provisión por retribuciones al personal,4,795,7,ACREEDORA,PYG,6. Gastos de personal / c) Provisiones,INDIRECTO_CECO,0,0,0,,OTROS_EXPLOTACION
7951,Exceso de provisión para impuestos,4,795,7,ACREEDORA,PYG,10. Excesos de provisiones,INDIRECTO_CECO,0,0,1,10. Excesos de provisiones,OTROS_EXPLOTACION
7952,Exceso de provisión para otras responsabilidades,4,795,7,ACREEDORA,PYG,10. Excesos de provisiones,INDIRECTO_CECO,0,0,1,10. Excesos de provisiones,OTROS_EXPLOTACION
7954,Exceso de provisión por operaciones comerciales,4,795,7,ACREEDORA,PYG,"7. Otros gastos de explotación / c) Pérdidas, deterioro y variación de provisiones por operaciones comerciales",INDIRECTO_CECO,0,0,1,"7. Otros gastos de explotación / c) Pérdidas, deterioro y variación de provisiones por operaciones comerciales",OTROS_EXPLOTACION
7955,Exceso de provisión para actuaciones medioambientales,4,795,7,ACREEDORA,PYG,10. Excesos de provisiones,INDIRECTO_CECO,0,0,1,10. Excesos de provisiones,OTROS_EXPLOTACION
7956,Exceso de provisión para reestructuraciones,4,795,7,ACREEDORA,PYG,10. Excesos de provisiones,INDIRECTO_CECO,0,0,1,10. Excesos de provisiones,OTROS_EXPLOTACION
7957,Exceso de provisión por transacciones con pagos basados en instrumentos de patrimonio,4,795,7,ACREEDORA,PYG,6. Gastos de personal / c) Provisiones,INDIRECTO_CECO,0,0,0,,OTROS_EXPLOTACION
796,Reversión del deterioro de participaciones y valores representativos de deuda a largo plazo,3,79,7,ACREEDORA,PYG,18. Deterioro y resultado por enajenaciones de instrumentos financieros / a) Deterioros y pérdidas,FINANCIERO,0,0,1,17. Deterioro y resultado por enajenaciones de instrumentos financieros / a) Deterioros y pérdidas,OTROS_EXPLOTACION
7960,"Reversión del deterioro de participaciones en instrumentos de patrimonio neto a largo plazo, empresas del grupo",4,796,7,ACREEDORA,PYG,18. Deterioro y resultado por enajenaciones de instrumentos financieros / a) Deterioros y pérdidas,FINANCIERO,0,0,1,17. Deterioro y resultado por enajenaciones de instrumentos financieros / a) Deterioros y pérdidas,OTROS_EXPLOTACION
7961,"Reversión del deterioro de participaciones en instrumentos de patrimonio neto a largo plazo, empresas asociadas",4,796,7,ACREEDORA,PYG,18. Deterioro y resultado por enajenaciones de instrumentos financieros / a) Deterioros y pérdidas,FINANCIERO,0,0,1,17. Deterioro y resultado por enajenaciones de instrumentos financieros / a) Deterioros y pérdidas,OTROS_EXPLOTACION
7962,"Reversión del deterioro de participaciones en instrumentos de patrimonio neto a largo plazo, otras partes vinculadas",4,796,7,ACREEDORA,PYG,18. Deterioro y resultado por enajenaciones de instrumentos financieros / a) Deterioros y pérdidas,FINANCIERO,0,0,1,17. Deterioro y resultado por enajenaciones de instrumentos financieros / a) Deterioros y pérdidas,OTROS_EXPLOTACION
7963,"Reversión del deterioro de participaciones en instrumentos de patrimonio neto a largo plazo, otras empresas",4,796,7,ACREEDORA,PYG,18. Deterioro y resultado por enajenaciones de instrumentos financieros / a) Deterioros y pérdidas,FINANCIERO,0,0,1,17. Deterioro y resultado por enajenaciones de instrumentos financieros / a) Deterioros y pérdidas,OTROS_EXPLOTACION
7965,"Reversión del deterioro de valores representativos de deuda a largo plazo, empresas del grupo",4,796,7,ACREEDORA,PYG,18. Deterioro y resultado por enajenaciones de instrumentos financieros / a) Deterioros y pérdidas,FINANCIERO,0,0,1,17. Deterioro y resultado por enajenaciones de instrumentos financieros / a) Deterioros y pérdidas,OTROS_EXPLOTACION
7966,"Reversión del deterioro de valores representativos de deuda a largo plazo, empresas asociadas",4,796,7,ACREEDORA,PYG,18. Deterioro y resultado por enajenaciones de instrumentos financieros / a) Deterioros y pérdidas,FINANCIERO,0,0,1,17. Deterioro y resultado por enajenaciones de instrumentos financieros / a) Deterioros y pérdidas,OTROS_EXPLOTACION
7967,"Reversión del deterioro de valores representativos de deuda a largo plazo, otras partes vinculadas",4,796,7,ACREEDORA,PYG,18. Deterioro y resultado por enajenaciones de instrumentos financieros / a) Deterioros y pérdidas,FINANCIERO,0,0,1,17. Deterioro y resultado por enajenaciones de instrumentos financieros / a) Deterioros y pérdidas,OTROS_EXPLOTACION
7968,"Reversión del deterioro de valores representativos de deuda a largo plazo, otras empresas",4,796,7,ACREEDORA,PYG,18. Deterioro y resultado por enajenaciones de instrumentos financieros / a) Deterioros y pérdidas,FINANCIERO,0,0,1,17. Deterioro y resultado por enajenaciones de instrumentos financieros / a) Deterioros y pérdidas,OTROS_EXPLOTACION
797,Reversión del deterioro de créditos a largo plazo,3,79,7,ACREEDORA,PYG,18. Deterioro y resultado por enajenaciones de instrumentos financieros / a) Deterioros y pérdidas,FINANCIERO,0,0,1,17. Deterioro y resultado por enajenaciones de instrumentos financieros / a) Deterioros y pérdidas,OTROS_EXPLOTACION
7970,"Reversión del deterioro de créditos a largo plazo, empresas del grupo",4,797,7,ACREEDORA,PYG,18. Deterioro y resultado por enajenaciones de instrumentos financieros / a) Deterioros y pérdidas,FINANCIERO,0,0,1,17. Deterioro y resultado por enajenaciones de instrumentos financieros / a) Deterioros y pérdidas,OTROS_EXPLOTACION
7971,"Reversión del deterioro de créditos a largo plazo, empresas asociadas",4,797,7,ACREEDORA,PYG,18. Deterioro y resultado por enajenaciones de instrumentos financieros / a) Deterioros y pérdidas,FINANCIERO,0,0,1,17. Deterioro y resultado por enajenaciones de instrumentos financieros / a) Deterioros y pérdidas,OTROS_EXPLOTACION
7972,"Reversión del deterioro de créditos a largo plazo, otras partes vinculadas",4,797,7,ACREEDORA,PYG,18. Deterioro y resultado por enajenaciones de instrumentos financieros / a) Deterioros y pérdidas,FINANCIERO,0,0,1,17. Deterioro y resultado por enajenaciones de instrumentos financieros / a) Deterioros y pérdidas,OTROS_EXPLOTACION
7973,"Reversión del deterioro de créditos a largo plazo, otras empresas",4,797,7,ACREEDORA,PYG,18. Deterioro y resultado por enajenaciones de instrumentos financieros / a) Deterioros y pérdidas,FINANCIERO,0,0,1,17. Deterioro y resultado por enajenaciones de instrumentos financieros / a) Deterioros y pérdidas,OTROS_EXPLOTACION
798,Reversión del deterioro de participaciones y valores representativos de deuda a corto plazo,3,79,7,ACREEDORA,PYG,18. Deterioro y resultado por enajenaciones de instrumentos financieros / a) Deterioros y pérdidas,FINANCIERO,0,0,1,17. Deterioro y resultado por enajenaciones de instrumentos financieros / a) Deterioros y pérdidas,OTROS_EXPLOTACION
7980,"Reversión del deterioro de participaciones en instrumentos de patrimonio neto a corto plazo, empresas del grupo",4,798,7,ACREEDORA,PYG,18. Deterioro y resultado por enajenaciones de instrumentos financieros / a) Deterioros y pérdidas,FINANCIERO,0,0,1,17. Deterioro y resultado por enajenaciones de instrumentos financieros / a) Deterioros y pérdidas,OTROS_EXPLOTACION
7981,"Reversión del deterioro de participaciones en instrumentos de patrimonio neto a corto plazo, empresas asociadas",4,798,7,ACREEDORA,PYG,18. Deterioro y resultado por enajenaciones de instrumentos financieros / a) Deterioros y pérdidas,FINANCIERO,0,0,1,17. Deterioro y resultado por enajenaciones de instrumentos financieros / a) Deterioros y pérdidas,OTROS_EXPLOTACION
7985,"Reversión del deterioro en valores representativos de deuda a corto plazo, empresas del grupo",4,798,7,ACREEDORA,PYG,18. Deterioro y resultado por enajenaciones de instrumentos financieros / a) Deterioros y pérdidas,FINANCIERO,0,0,1,17. Deterioro y resultado por enajenaciones de instrumentos financieros / a) Deterioros y pérdidas,OTROS_EXPLOTACION
7986,"Reversión del deterioro en valores representativos de deuda a corto plazo, empresas asociadas",4,798,7,ACREEDORA,PYG,18. Deterioro y resultado por enajenaciones de instrumentos financieros / a) Deterioros y pérdidas,FINANCIERO,0,0,1,17. Deterioro y resultado por enajenaciones de instrumentos financieros / a) Deterioros y pérdidas,OTROS_EXPLOTACION
7987,"Reversión del deterioro en valores representativos de deuda a corto plazo, otras partes vinculadas",4,798,7,ACREEDORA,PYG,18. Deterioro y resultado por enajenaciones de instrumentos financieros / a) Deterioros y pérdidas,FINANCIERO,0,0,1,17. Deterioro y resultado por enajenaciones de instrumentos financieros / a) Deterioros y pérdidas,OTROS_EXPLOTACION
7988,"Reversión del deterioro en valores representativos de deuda a corto plazo, otras empresas",4,798,7,ACREEDORA,PYG,18. Deterioro y resultado por enajenaciones de instrumentos financieros / a) Deterioros y pérdidas,FINANCIERO,0,0,1,17. Deterioro y resultado por enajenaciones de instrumentos financieros / a) Deterioros y pérdidas,OTROS_EXPLOTACION
799,Reversión del deterioro de créditos a corto plazo,3,79,7,ACREEDORA,PYG,18. Deterioro y resultado por enajenaciones de instrumentos financieros / a) Deterioros y pérdidas,FINANCIERO,0,0,1,17. Deterioro y resultado por enajenaciones de instrumentos financieros / a) Deterioros y pérdidas,OTROS_EXPLOTACION
7990,"Reversión del deterioro de créditos a corto plazo, empresas del grupo",4,799,7,ACREEDORA,PYG,18. Deterioro y resultado por enajenaciones de instrumentos financieros / a) Deterioros y pérdidas,FINANCIERO,0,0,1,17. Deterioro y resultado por enajenaciones de instrumentos financieros / a) Deterioros y pérdidas,OTROS_EXPLOTACION
7991,"Reversión del deterioro de créditos a corto plazo, empresas asociadas",4,799,7,ACREEDORA,PYG,18. Deterioro y resultado por enajenaciones de instrumentos financieros / a) Deterioros y pérdidas,FINANCIERO,0,0,1,17. Deterioro y resultado por enajenaciones de instrumentos financieros / a) Deterioros y pérdidas,OTROS_EXPLOTACION
7992,"Reversión del deterioro de créditos a corto plazo, otras partes vinculadas",4,799,7,ACREEDORA,PYG,18. Deterioro y resultado por enajenaciones de instrumentos financieros / a) Deterioros y pérdidas,FINANCIERO,0,0,1,17. Deterioro y resultado por enajenaciones de instrumentos financieros / a) Deterioros y pérdidas,OTROS_EXPLOTACION
7993,"Reversión del deterioro de créditos a corto plazo, otras empresas",4,799,7,ACREEDORA,PYG,18. Deterioro y resultado por enajenaciones de instrumentos financieros / a) Deterioros y pérdidas,FINANCIERO,0,0,1,17. Deterioro y resultado por enajenaciones de instrumentos financieros / a) Deterioros y pérdidas,OTROS_EXPLOTACION
8,Gastos imputados al patrimonio neto,1,,8,DEUDORA,ECPN,,,0,0,0,,
80,Gastos financieros por valoración de activos y pasivos,2,8,8,DEUDORA,ECPN,B) Ingresos y gastos imputados directamente al patrimonio neto / I. Por valoración de instrumentos financieros,,0,0,0,,
800,Pérdidas en activos financieros a valor razonable con cambios en el patrimonio neto,3,80,8,DEUDORA,ECPN,B) Ingresos y gastos imputados directamente al patrimonio neto / I. Por valoración de instrumentos financieros,,0,0,0,,
802,Transferencia de beneficios en activos financieros a valor razonable con cambios en el patrimonio neto,3,80,8,DEUDORA,ECPN,C) Transferencias a la cuenta de pérdidas y ganancias / VIII. Por valoración de instrumentos financieros,,0,0,0,,
81,Gastos en operaciones de cobertura,2,8,8,DEUDORA,ECPN,B) Ingresos y gastos imputados directamente al patrimonio neto / II. Por coberturas de flujos de efectivo,,0,0,0,,
810,Pérdidas por coberturas de flujos de efectivo,3,81,8,DEUDORA,ECPN,B) Ingresos y gastos imputados directamente al patrimonio neto / II. Por coberturas de flujos de efectivo,,0,0,0,,
811,Pérdidas por coberturas de inversiones netas en un negocio en el extranjero,3,81,8,DEUDORA,ECPN,B) Ingresos y gastos imputados directamente al patrimonio neto / II. Por coberturas de flujos de efectivo,,0,0,0,,
812,Transferencia de beneficios por coberturas de flujos de efectivo,3,81,8,DEUDORA,ECPN,C) Transferencias a la cuenta de pérdidas y ganancias / IX. Por coberturas de flujos de efectivo,,0,0,0,,
813,Transferencia de beneficios por coberturas de inversiones netas en un negocio en el extranjero,3,81,8,DEUDORA,ECPN,C) Transferencias a la cuenta de pérdidas y ganancias / IX. Por coberturas de flujos de efectivo,,0,0,0,,
82,Gastos por diferencias de conversión,2,8,8,DEUDORA,ECPN,B) Ingresos y gastos imputados directamente al patrimonio neto / VI. Diferencias de conversión,,0,0,0,,
820,Diferencias de conversión negativas,3,82,8,DEUDORA,ECPN,B) Ingresos y gastos imputados directamente al patrimonio neto / VI. Diferencias de conversión,,0,0,0,,
821,Transferencia de diferencias de conversión positivas,3,82,8,DEUDORA,ECPN,C) Transferencias a la cuenta de pérdidas y ganancias / XII. Diferencias de conversión,,0,0,0,,
83,Impuesto sobre beneficios,2,8,8,DEUDORA,ECPN,B) Ingresos y gastos imputados directamente al patrimonio neto / VII. Efecto impositivo,,0,0,0,,
830,Impuesto sobre beneficios,3,83,8,DEUDORA,ECPN,B) Ingresos y gastos imputados directamente al patrimonio neto / VII. Efecto impositivo,,0,0,0,,
8300,Impuesto corriente,4,830,8,DEUDORA,ECPN,B) Ingresos y gastos imputados directamente al patrimonio neto / VII. Efecto impositivo,,0,0,0,,
8301,Impuesto diferido,4,830,8,DEUDORA,ECPN,B) Ingresos y gastos imputados directamente al patrimonio neto / VII. Efecto impositivo,,0,0,0,,
833,Ajustes negativos en la imposición sobre beneficios,3,83,8,DEUDORA,ECPN,B) Ingresos y gastos imputados directamente al patrimonio neto / VII. Efecto impositivo,,0,0,0,,
834,Ingresos fiscales por diferencias permanentes,3,83,8,DEUDORA,ECPN,B) Ingresos y gastos imputados directamente al patrimonio neto / VII. Efecto impositivo,,0,0,0,,
835,Ingresos fiscales por deducciones y bonificaciones,3,83,8,DEUDORA,ECPN,B) Ingresos y gastos imputados directamente al patrimonio neto / VII. Efecto impositivo,,0,0,0,,
836,Transferencia de diferencias permanentes,3,83,8,DEUDORA,ECPN,C) Transferencias a la cuenta de pérdidas y ganancias / XIII. Efecto impositivo,,0,0,0,,
837,Transferencia de deducciones y bonificaciones,3,83,8,DEUDORA,ECPN,C) Transferencias a la cuenta de pérdidas y ganancias / XIII. Efecto impositivo,,0,0,0,,
838,Ajustes positivos en la imposición sobre beneficios,3,83,8,DEUDORA,ECPN,B) Ingresos y gastos imputados directamente al patrimonio neto / VII. Efecto impositivo,,0,0,0,,
84,"Transferencias de subvenciones, donaciones y legados",2,8,8,DEUDORA,ECPN,"C) Transferencias a la cuenta de pérdidas y ganancias / X. Subvenciones, donaciones y legados recibidos",,0,0,0,,
840,Transferencia de subvenciones oficiales de capital,3,84,8,DEUDORA,ECPN,"C) Transferencias a la cuenta de pérdidas y ganancias / X. Subvenciones, donaciones y legados recibidos",,0,0,0,,
841,Transferencia de donaciones y legados de capital,3,84,8,DEUDORA,ECPN,"C) Transferencias a la cuenta de pérdidas y ganancias / X. Subvenciones, donaciones y legados recibidos",,0,0,0,,
842,"Transferencia de otras subvenciones, donaciones y legados",3,84,8,DEUDORA,ECPN,"C) Transferencias a la cuenta de pérdidas y ganancias / X. Subvenciones, donaciones y legados recibidos",,0,0,0,,
85,Gastos por pérdidas actuariales y ajustes en los activos por retribuciones a largo plazo de prestación definida,2,8,8,DEUDORA,ECPN,B) Ingresos y gastos imputados directamente al patrimonio neto / IV. Por ganancias y pérdidas actuariales y otros ajustes,,0,0,0,,
850,Pérdidas actuariales,3,85,8,DEUDORA,ECPN,B) Ingresos y gastos imputados directamente al patrimonio neto / IV. Por ganancias y pérdidas actuariales y otros ajustes,,0,0,0,,
851,Ajustes negativos en activos por retribuciones a largo plazo de prestación definida,3,85,8,DEUDORA,ECPN,B) Ingresos y gastos imputados directamente al patrimonio neto / IV. Por ganancias y pérdidas actuariales y otros ajustes,,0,0,0,,
86,Gastos por activos no corrientes en venta,2,8,8,DEUDORA,ECPN,"B) Ingresos y gastos imputados directamente al patrimonio neto / V. Por activos no corrientes y pasivos vinculados, mantenidos para la venta",,0,0,0,,
860,Pérdidas en activos no corrientes y grupos enajenables de elementos mantenidos para la venta,3,86,8,DEUDORA,ECPN,"B) Ingresos y gastos imputados directamente al patrimonio neto / V. Por activos no corrientes y pasivos vinculados, mantenidos para la venta",,0,0,0,,
862,Transferencia de beneficios en activos no corrientes y grupos enajenables de elementos mantenidos para la venta,3,86,8,DEUDORA,ECPN,"C) Transferencias a la cuenta de pérdidas y ganancias / XI. Por activos no corrientes y pasivos vinculados, mantenidos para la venta",,0,0,0,,
89,Gastos de participaciones en empresas del grupo o asociadas con ajustes valorativos positivos previos,2,8,8,DEUDORA,ECPN,B) Ingresos y gastos imputados directamente al patrimonio neto / I. Por valoración de instrumentos financieros,,0,0,0,,
891,Deterioro de participaciones en el capital de empresas del grupo,3,89,8,DEUDORA,ECPN,B) Ingresos y gastos imputados directamente al patrimonio neto / I. Por valoración de instrumentos financieros,,0,0,0,,
892,Deterioro de participaciones en el capital de empresas asociadas,3,89,8,DEUDORA,ECPN,B) Ingresos y gastos imputados directamente al patrimonio neto / I. Por valoración de instrumentos financieros,,0,0,0,,
9,Ingresos imputados al patrimonio neto,1,,9,ACREEDORA,ECPN,,,0,0,0,,
90,Ingresos financieros por valoración de activos y pasivos,2,9,9,ACREEDORA,ECPN,B) Ingresos y gastos imputados directamente al patrimonio neto / I. Por valoración de instrumentos financieros,,0,0,0,,
900,Beneficios en activos financieros a valor razonable con cambios en el patrimonio neto,3,90,9,ACREEDORA,ECPN,B) Ingresos y gastos imputados directamente al patrimonio neto / I. Por valoración de instrumentos financieros,,0,0,0,,
902,Transferencia de pérdidas de activos financieros a valor razonable con cambios en el patrimonio neto,3,90,9,ACREEDORA,ECPN,C) Transferencias a la cuenta de pérdidas y ganancias / VIII. Por valoración de instrumentos financieros,,0,0,0,,
91,Ingresos en operaciones de cobertura,2,9,9,ACREEDORA,ECPN,B) Ingresos y gastos imputados directamente al patrimonio neto / II. Por coberturas de flujos de efectivo,,0,0,0,,
910,Beneficios por coberturas de flujos de efectivo,3,91,9,ACREEDORA,ECPN,B) Ingresos y gastos imputados directamente al patrimonio neto / II. Por coberturas de flujos de efectivo,,0,0,0,,
911,Beneficios por coberturas de una inversión neta en un negocio en el extranjero,3,91,9,ACREEDORA,ECPN,B) Ingresos y gastos imputados directamente al patrimonio neto / II. Por coberturas de flujos de efectivo,,0,0,0,,
912,Transferencia de pérdidas por coberturas de flujos de efectivo,3,91,9,ACREEDORA,ECPN,C) Transferencias a la cuenta de pérdidas y ganancias / IX. Por coberturas de flujos de efectivo,,0,0,0,,
913,Transferencia de pérdidas por coberturas de una inversión neta en un negocio en el extranjero,3,91,9,ACREEDORA,ECPN,C) Transferencias a la cuenta de pérdidas y ganancias / IX. Por coberturas de flujos de efectivo,,0,0,0,,
92,Ingresos por diferencias de conversión,2,9,9,ACREEDORA,ECPN,B) Ingresos y gastos imputados directamente al patrimonio neto / VI. Diferencias de conversión,,0,0,0,,
920,Diferencias de conversión positivas,3,92,9,ACREEDORA,ECPN,B) Ingresos y gastos imputados directamente al patrimonio neto / VI. Diferencias de conversión,,0,0,0,,
921,Transferencia de diferencias de conversión negativas,3,92,9,ACREEDORA,ECPN,C) Transferencias a la cuenta de pérdidas y ganancias / XII. Diferencias de conversión,,0,0,0,,
94,"Ingresos por subvenciones, donaciones y legados",2,9,9,ACREEDORA,ECPN,"B) Ingresos y gastos imputados directamente al patrimonio neto / III. Subvenciones, donaciones y legados recibidos",,0,0,0,,
940,Ingresos de subvenciones oficiales de capital,3,94,9,ACREEDORA,ECPN,"B) Ingresos y gastos imputados directamente al patrimonio neto / III. Subvenciones, donaciones y legados recibidos",,0,0,0,,
941,Ingresos de donaciones y legados de capital,3,94,9,ACREEDORA,ECPN,"B) Ingresos y gastos imputados directamente al patrimonio neto / III. Subvenciones, donaciones y legados recibidos",,0,0,0,,
942,"Ingresos de otras subvenciones, donaciones y legados",3,94,9,ACREEDORA,ECPN,"B) Ingresos y gastos imputados directamente al patrimonio neto / III. Subvenciones, donaciones y legados recibidos",,0,0,0,,
95,Ingresos por ganancias actuariales y ajustes en los activos por retribuciones a largo plazo de prestación definida,2,9,9,ACREEDORA,ECPN,B) Ingresos y gastos imputados directamente al patrimonio neto / IV. Por ganancias y pérdidas actuariales y otros ajustes,,0,0,0,,
950,Ganancias actuariales,3,95,9,ACREEDORA,ECPN,B) Ingresos y gastos imputados directamente al patrimonio neto / IV. Por ganancias y pérdidas actuariales y otros ajustes,,0,0,0,,
951,Ajustes positivos en activos por retribuciones a largo plazo de prestación definida,3,95,9,ACREEDORA,ECPN,B) Ingresos y gastos imputados directamente al patrimonio neto / IV. Por ganancias y pérdidas actuariales y otros ajustes,,0,0,0,,
96,Ingresos por activos no corrientes en venta,2,9,9,ACREEDORA,ECPN,"B) Ingresos y gastos imputados directamente al patrimonio neto / V. Por activos no corrientes y pasivos vinculados, mantenidos para la venta",,0,0,0,,
960,Beneficios en activos no corrientes y grupos enajenables de elementos mantenidos para la venta,3,96,9,ACREEDORA,ECPN,"B) Ingresos y gastos imputados directamente al patrimonio neto / V. Por activos no corrientes y pasivos vinculados, mantenidos para la venta",,0,0,0,,
962,Transferencia de pérdidas en activos no corrientes y grupos enajenables de elementos mantenidos para la venta,3,96,9,ACREEDORA,ECPN,"C) Transferencias a la cuenta de pérdidas y ganancias / XI. Por activos no corrientes y pasivos vinculados, mantenidos para la venta",,0,0,0,,
99,Ingresos de participaciones en empresas del grupo o asociadas con ajustes valorativos positivos previos,2,9,9,ACREEDORA,ECPN,B) Ingresos y gastos imputados directamente al patrimonio neto / I. Por valoración de instrumentos financieros,,0,0,0,,
991,"Recuperación de ajustes valorativos negativos previos, empresas del grupo",3,99,9,ACREEDORA,ECPN,B) Ingresos y gastos imputados directamente al patrimonio neto / I. Por valoración de instrumentos financieros,,0,0,0,,
992,"Recuperación de ajustes valorativos negativos previos, empresas asociadas",3,99,9,ACREEDORA,ECPN,B) Ingresos y gastos imputados directamente al patrimonio neto / I. Por valoración de instrumentos financieros,,0,0,0,,
993,"Transferencia por deterioro de ajustes valorativos negativos previos, empresas del grupo",3,99,9,ACREEDORA,ECPN,C) Transferencias a la cuenta de pérdidas y ganancias / VIII. Por valoración de instrumentos financieros,,0,0,0,,
994,"Transferencia por deterioro de ajustes valorativos negativos previos, empresas asociadas",3,99,9,ACREEDORA,ECPN,C) Transferencias a la cuenta de pérdidas y ganancias / VIII. Por valoración de instrumentos financieros,,0,0,0,,
